"";"X";"b";"V1";"V2";"ganhador";"V1_n";"V2_n";"prev";"odds"
"1";"x1";"https://www.vlr.gg/188329/dominatus-vs-le-crapaud-challengers-league-indonesia-split-2-r5";"Dominatus 55.32%  ";"Le Crapaud 44.68%  ";"0";55,32;44,68;"1";2,84
"2";"x2";"https://www.vlr.gg/193892/maru-gaming-vs-incheon-on-sla2ers-world-cyber-games-challengers-league-korea-split-2-w1";"Maru Gaming 49.99%  ";"Incheon On Sla2ers 50.01%  ";"0";49,99;50,01;"0";1,18
"3";"x3";"https://www.vlr.gg/194331/lazy-vs-tim-t-i-tr-challengers-league-vietnam-split-2-d5";"LAZY 48.62%  ";"Tim Tài Trơ 51.38%  ";"0";48,62;51,38;"0";NA
"4";"x4";"https://www.vlr.gg/191765/funplus-phoenix-vs-totoro-gaming-fgc-valorant-invitational-2023-act-1-ur1";"FunPlus Phoenix 29.12%  ";"Totoro Gaming 70.88%  ";"1";29,12;70,88;"0";1,16
"5";"x5";"https://www.vlr.gg/193893/cnj-esports-vs-nongshim-redforce-world-cyber-games-challengers-league-korea-split-2-w1";"CNJ esports 70.47%  ";"Nongshim RedForce 29.53%  ";"0";70,47;29,53;"1";3,51
"6";"x6";"https://www.vlr.gg/188330/dewa-united-esports-vs-bigetron-arctic-challengers-league-indonesia-split-2-r5";"Dewa United Esports 38.89%  ";"Bigetron Arctic 61.11%  ";"1";38,89;61,11;"0";3,99
"7";"x7";"https://www.vlr.gg/194332/team-lofi-vs-fancy-united-esports-challengers-league-vietnam-split-2-d5";"Team Lofi 23.7%  ";"Fancy United Esports 76.3%  ";"0";23,7;76,3;"0";NA
"8";"x8";"https://www.vlr.gg/191766/kone-esc-vs-dragon-ranger-gaming-fgc-valorant-invitational-2023-act-1-ur1";"KONE eSC 69.15%  ";"Dragon Ranger Gaming 30.85%  ";"1";69,15;30,85;"1";1,25
"9";"x9";"https://www.vlr.gg/195666/panda-vs-newhappy-esports-fgc-valorant-invitational-2023-act-2-qualifiers-play-in";"PanDa 81.86%  ";"NewHappy Esports 18.14%  ";"1";81,86;18,14;"1";NA
"10";"x10";"https://www.vlr.gg/192986/ramboot-club-vs-falcons-challengers-league-spain-rising-split-2-r4";"Ramboot Club 48.48%  ";"Falcons 51.52%  ";"1";48,48;51,52;"0";NA
"11";"x11";"https://www.vlr.gg/192983/aym-esports-vs-team-queso-challengers-league-spain-rising-split-2-r4";"AYM Esports 21.09%  ";"Team Queso 78.91%  ";"0";21,09;78,91;"0";1,36
"12";"x12";"https://www.vlr.gg/194122/joblife-vs-akroma-challengers-league-france-revolution-split-2-w1";"Joblife 46.59%  ";"Akroma 53.41%  ";"1";46,59;53,41;"0";1,32
"13";"x13";"https://www.vlr.gg/192982/kpi-gaming-vs-zeta-gaming-challengers-league-spain-rising-split-2-r4";"KPI Gaming 54.79%  ";"ZETA Gaming 45.21%  ";"0";54,79;45,21;"1";2,25
"14";"x14";"https://www.vlr.gg/194123/3dmax-vs-zerance-challengers-league-france-revolution-split-2-w1";"3DMAX 53.11%  ";"Zerance 46.89%  ";"0";53,11;46,89;"1";1,37
"15";"x15";"https://www.vlr.gg/192985/movistar-riders-vs-rebels-gaming-challengers-league-spain-rising-split-2-r4";"Movistar Riders 38.95%  ";"Rebels Gaming 61.05%  ";"1";38,95;61,05;"0";1,76
"16";"x16";"https://www.vlr.gg/194124/sbg-vs-blx-utd-challengers-league-france-revolution-split-2-w1";"SBG 78.91%  ";"BLX UTD 21.09%  ";"1";78,91;21,09;"1";1,13
"17";"x17";"https://www.vlr.gg/188562/who-cars-vs-fokus-challengers-league-northern-europe-polaris-split-2-r2";"who cars? 29.01%  ";"FOKUS 70.99%  ";"0";29,01;70,99;"0";1,31
"18";"x18";"https://www.vlr.gg/192984/ucam-tokiers-vs-case-esports-challengers-league-spain-rising-split-2-r4";"UCAM Tokiers 61.5%  ";"Case Esports 38.5%  ";"1";61,5;38,5;"1";2
"19";"x19";"https://www.vlr.gg/194125/mandatory-vs-wylde-challengers-league-france-revolution-split-2-w1";"Mandatory 57.02%  ";"WYLDE 42.98%  ";"1";57,02;42,98;"1";1,39
"20";"x20";"https://www.vlr.gg/194126/valiant-vs-solary-challengers-league-france-revolution-split-2-w1";"VALIANT 52.14%  ";"Solary 47.86%  ";"0";52,14;47,86;"1";1,89
"21";"x21";"https://www.vlr.gg/183559/9z-team-gc-vs-optix-fem-game-changers-2023-latin-america-split-1-round-robin";"9z Team GC 55.32%  ";"Optix Fem 44.68%  ";"0";55,32;44,68;"1";1,55
"22";"x22";"https://www.vlr.gg/193148/version1-vs-faze-clan-gc-game-changers-2023-series-i-north-america-main-event-ubqf";"Version1 82.55%  ";"FaZe Clan GC 17.45%  ";"1";82,55;17,45;"1";NA
"23";"x23";"https://www.vlr.gg/193149/moist-moguls-red-vs-complexity-gx3-game-changers-2023-series-i-north-america-main-event-ubqf";"Moist Moguls RED 48.26%  ";"Complexity GX3 51.74%  ";"0";48,26;51,74;"0";NA
"24";"x24";"https://www.vlr.gg/193150/shopify-rebellion-gc-vs-xset-game-changers-2023-series-i-north-america-main-event-ubqf";"Shopify Rebellion GC 33.54%  ";"XSET 66.46%  ";"1";33,54;66,46;"0";NA
"25";"x25";"https://www.vlr.gg/193151/evil-geniuses-gc-vs-misfits-black-game-changers-2023-series-i-north-america-main-event-ubqf";"Evil Geniuses GC 67.6%  ";"Misfits Black 32.4%  ";"1";67,6;32,4;"1";1,06
"26";"x1";"https://www.vlr.gg/195667/jijiehao-vs-trace-esports-fgc-valorant-invitational-2023-act-2-qualifiers-ro16";"JiJieHao 39.97%  ";"Trace Esports 60.03%  ";"1";39,97;60,03;"0";NA
"27";"x2";"https://www.vlr.gg/195668/tyloo-vs-kunpeng-gaming-fgc-valorant-invitational-2023-act-2-qualifiers-ro16";"TYLOO 53.14%  ";"KunPeng Gaming 46.86%  ";"1";53,14;46,86;"1";NA
"28";"x3";"https://www.vlr.gg/188331/hike-digital-esports-vs-arf-team-challengers-league-indonesia-split-2-r6";"Hike Digital Esports 36.42%  ";"ARF TEAM 63.58%  ";"0";36,42;63,58;"0";1,46
"29";"x4";"https://www.vlr.gg/193894/dplus-esports-vs-slt-seongam-world-cyber-games-challengers-league-korea-split-2-w1";"Dplus Esports 74.52%  ";"SLT Seongam 25.48%  ";"0";74,52;25,48;"1";1,29
"30";"x5";"https://www.vlr.gg/189031/mvp-esports-vs-rambutan-ni-tatay-challengers-league-philippines-split-2-regular-season-w3";"MVP Esports 20.45%  ";"Rambutan ni Tatay 79.55%  ";"1";20,45;79,55;"0";NA
"31";"x6";"https://www.vlr.gg/194334/syko-vs-team-big-baam-challengers-league-vietnam-split-2-d6";"Syko 22.92%  ";"Team Big BAAM 77.08%  ";"0";22,92;77,08;"0";NA
"32";"x7";"https://www.vlr.gg/193895/gwangju-shadow-vs-our-growth-story-world-cyber-games-challengers-league-korea-split-2-w1";"Gwangju Shadow 32.86%  ";"Our Growth Story 67.14%  ";"0";32,86;67,14;"0";1,19
"33";"x8";"https://www.vlr.gg/195669/douyu-gaming-vs-royal-never-give-up-fgc-valorant-invitational-2023-act-2-qualifiers-ro16";"Douyu Gaming 39.13%  ";"Royal Never Give Up 60.87%  ";"1";39,13;60,87;"0";NA
"34";"x9";"https://www.vlr.gg/188332/boom-esports-vs-dominatus-challengers-league-indonesia-split-2-r6";"BOOM Esports 54.86%  ";"Dominatus 45.14%  ";"1";54,86;45,14;"1";1,2
"35";"x10";"https://www.vlr.gg/194335/the-mad-men-vs-twokay-challengers-league-vietnam-split-2-d6";"The Mad Men 61.44%  ";"TwoKay 38.56%  ";"0";61,44;38,56;"1";NA
"36";"x11";"https://www.vlr.gg/188030/bleed-vs-teo-teo-teo-challengers-league-malaysia-singapore-split-2-d7";"BLEED 71.88%  ";"Teo Teo Teo 28.12%  ";"1";71,88;28,12;"1";1,05
"37";"x12";"https://www.vlr.gg/189032/zol-esports-vs-oasis-gaming-challengers-league-philippines-split-2-regular-season-w3";"ZOL Esports 26%  ";"Oasis Gaming 74%  ";"0";26;74;"0";1,16
"38";"x13";"https://www.vlr.gg/191768/edward-gaming-vs-funplus-phoenix-fgc-valorant-invitational-2023-act-1-ubsf";"EDward Gaming 69.02%  ";"FunPlus Phoenix 30.98%  ";"1";69,02;30,98;"1";1,4
"39";"x14";"https://www.vlr.gg/195670/invincible-gaming-vs-invictus-gaming-fgc-valorant-invitational-2023-act-2-qualifiers-ro16";"Invincible Gaming 55.1%  ";"Invictus Gaming 44.9%  ";"0";55,1;44,9;"1";NA
"40";"x15";"https://www.vlr.gg/188031/bikini-bottom-pratahouse-vs-todak-challengers-league-malaysia-singapore-split-2-d7";"Bikini Bottom Pratahouse 31.72%  ";"Todak 68.28%  ";"0";31,72;68,28;"0";1,79
"41";"x16";"https://www.vlr.gg/183949/natus-vincere-vs-team-heretics-champions-tour-2023-emea-league-w3";"Natus Vincere 67.98%  ";"Team Heretics 32.02%  ";"1";67,98;32,02;"1";1,13
"42";"x17";"https://www.vlr.gg/193158/evil-geniuses-gc-vs-moist-moguls-red-game-changers-2023-series-i-north-america-main-event-lr2";"Evil Geniuses GC 58.27%  ";"Moist Moguls RED 41.73%  ";"0";58,27;41,73;"1";3,08
"43";"x18";"https://www.vlr.gg/183560/globant-emerald-team-vs-undead-gaming-fem-game-changers-2023-latin-america-split-1-round-robin";"Globant Emerald Team 76.3%  ";"Undead Gaming Fem 23.7%  ";"1";76,3;23,7;"1";1,07
"44";"x19";"https://www.vlr.gg/193552/oddik-vs-keyd-stars-challengers-league-brazil-split-2-w2";"ODDIK 67.97%  ";"Keyd Stars 32.03%  ";"0";67,97;32,03;"1";1,53
"45";"x20";"https://www.vlr.gg/183573/leviat-n-game-changers-vs-akave-girls-game-changers-2023-latin-america-split-1-round-robin";"Leviatán GC 53.02%  ";"Akave Girls 46.98%  ";"1";53,02;46,98;"1";1,74
"46";"x21";"https://www.vlr.gg/193159/complexity-gx3-vs-xset-game-changers-2023-series-i-north-america-main-event-lr2";"Complexity GX3 54.68%  ";"XSET 45.32%  ";"0";54,68;45,32;"1";2,66
"47";"x1";"https://www.vlr.gg/195671/number-one-player-vs-gank-gaming-fgc-valorant-invitational-2023-act-2-qualifiers-ro16";"Number One Player 27.17%  ";"Gank Gaming 72.83%  ";"1";27,17;72,83;"0";NA
"48";"x2";"https://www.vlr.gg/193436/northeption-vs-crest-gaming-zst-challengers-league-japan-split-2-d1";"NORTHEPTION 58.25%  ";"Crest Gaming Zst 41.75%  ";"1";58,25;41,75;"1";1,24
"49";"x3";"https://www.vlr.gg/193896/nongshim-redforce-vs-maru-gaming-world-cyber-games-challengers-league-korea-split-2-w1";"Nongshim RedForce 26.71%  ";"Maru Gaming 73.29%  ";"0";26,71;73,29;"0";1,4
"50";"x4";"https://www.vlr.gg/189033/gamelab-alpha-vs-oasis-gaming-challengers-league-philippines-split-2-regular-season-w3";"GameLab Alpha 27.45%  ";"Oasis Gaming 72.55%  ";"0";27,45;72,55;"0";1,3
"51";"x5";"https://www.vlr.gg/194336/team-lofi-vs-team-big-baam-challengers-league-vietnam-split-2-d7";"Team Lofi 36.47%  ";"Team Big BAAM 63.53%  ";"0";36,47;63,53;"0";NA
"52";"x6";"https://www.vlr.gg/193263/funcrew-vs-nerdpunt-challengers-league-oceania-split-2-group-stage-w2";"Funcrew 51.45%  ";"NerdPunt 48.55%  ";"0";51,45;48,55;"1";1,98
"53";"x7";"https://www.vlr.gg/191769/attacking-soul-esports-vs-totoro-gaming-fgc-valorant-invitational-2023-act-1-lr1";"Attacking Soul Esports 25.9%  ";"Totoro Gaming 74.1%  ";"1";25,9;74,1;"0";1,23
"54";"x8";"https://www.vlr.gg/193897/incheon-on-sla2ers-vs-cnj-esports-world-cyber-games-challengers-league-korea-split-2-w1";"Incheon On Sla2ers 64.92%  ";"CNJ esports 35.08%  ";"1";64,92;35,08;"1";1,27
"55";"x9";"https://www.vlr.gg/195673/nova-esports-vs-rare-atom-fgc-valorant-invitational-2023-act-2-qualifiers-ro16";"Nova Esports 39.33%  ";"Rare Atom 60.67%  ";"0";39,33;60,67;"0";NA
"56";"x10";"https://www.vlr.gg/189610/one-team-esports-vs-roa-challengers-league-taiwan-hong-kong-split-2-r3";"ONE Team Esports 89.39%  ";"ROA 10.61%  ";"1";89,39;10,61;"1";1,15
"57";"x11";"https://www.vlr.gg/193437/jadeite-vs-fennel-challengers-league-japan-split-2-d1";"Jadeite 46.64%  ";"FENNEL 53.36%  ";"1";46,64;53,36;"0";1,98
"58";"x12";"https://www.vlr.gg/194337/lazy-vs-the-mad-men-challengers-league-vietnam-split-2-d7";"LAZY 68.55%  ";"The Mad Men 31.45%  ";"1";68,55;31,45;"1";NA
"59";"x13";"https://www.vlr.gg/193264/guangzhou-long-lionz-vs-mammoth-esc-challengers-league-oceania-split-2-group-stage-w2";"Guangzhou Long Lionz 64.44%  ";"Mammoth ESC 35.56%  ";"1";64,44;35,56;"1";1,92
"60";"x14";"https://www.vlr.gg/188032/kizuna-esports-vs-louvre-challengers-league-malaysia-singapore-split-2-d8";"Kizuna Esports 87.79%  ";"Louvre 12.21%  ";"1";87,79;12,21;"1";1,19
"61";"x15";"https://www.vlr.gg/189034/mvp-esports-vs-stream-raiders-nacague-challengers-league-philippines-split-2-regular-season-w3";"MVP Esports 32.02%  ";"Stream Raiders Nacague 67.98%  ";"1";32,02;67,98;"0";1,45
"62";"x16";"https://www.vlr.gg/189611/s2-esports-vs-oblivion-force-challengers-league-taiwan-hong-kong-split-2-r3";"S2 Esports 19.97%  ";"Oblivion Force 80.03%  ";"0";19,97;80,03;"0";1,21
"63";"x17";"https://www.vlr.gg/191770/funplus-phoenix-vs-dragon-ranger-gaming-fgc-valorant-invitational-2023-act-1-lr1";"FunPlus Phoenix 80.28%  ";"Dragon Ranger Gaming 19.72%  ";"1";80,28;19,72;"1";1,23
"64";"x18";"https://www.vlr.gg/195674/kingzone-vs-panda-fgc-valorant-invitational-2023-act-2-qualifiers-ro16";"Kingzone 50.11%  ";"PanDa 49.89%  ";"1";50,11;49,89;"1";NA
"65";"x19";"https://www.vlr.gg/188033/x10-esports-vs-enigma-gaming-challengers-league-malaysia-singapore-split-2-d8";"X10 Esports 74.14%  ";"Enigma Gaming 25.86%  ";"0";74,14;25,86;"1";1,79
"66";"x20";"https://www.vlr.gg/183950/koi-vs-fut-esports-champions-tour-2023-emea-league-w3";"KOI 63.18%  ";"FUT Esports 36.82%  ";"0";63,18;36,82;"1";1,51
"67";"x21";"https://www.vlr.gg/183951/team-liquid-vs-fnatic-champions-tour-2023-emea-league-w3";"Team Liquid 42.12%  ";"FNATIC 57.88%  ";"0";42,12;57,88;"0";1,29
"68";"x22";"https://www.vlr.gg/193553/00nation-vs-red-canids-challengers-league-brazil-split-2-w2";"00Nation 51.43%  ";"RED Canids 48.57%  ";"0";51,43;48,57;"1";2,36
"69";"x23";"https://www.vlr.gg/193154/version1-vs-shopify-rebellion-gc-game-changers-2023-series-i-north-america-main-event-ubf";"Version1 51.97%  ";"Shopify Rebellion GC 48.03%  ";"1";51,97;48,03;"1";NA
"70";"x24";"https://www.vlr.gg/183561/sunxet-club-fem-vs-kr-blaze-game-changers-2023-latin-america-split-1-round-robin";"SunXet Club Fem 12.91%  ";"KRÜ BLAZE 87.09%  ";"0";12,91;87,09;"0";1,13
"71";"x25";"https://www.vlr.gg/193554/liberty-vs-the-union-challengers-league-brazil-split-2-w2";"Liberty 39.25%  ";"The Union 60.75%  ";"0";39,25;60,75;"0";1,04
"72";"x26";"https://www.vlr.gg/193160/moist-moguls-red-vs-xset-game-changers-2023-series-i-north-america-main-event-lr3";"Moist Moguls RED 47.5%  ";"XSET 52.5%  ";"0";47,5;52,5;"0";1,37
"73";"x1";"https://www.vlr.gg/195675/jijiehao-vs-tyloo-fgc-valorant-invitational-2023-act-2-qualifiers-qf";"JiJieHao 23.02%  ";"TYLOO 76.98%  ";"1";23,02;76,98;"0";NA
"74";"x2";"https://www.vlr.gg/195676/douyu-gaming-vs-royal-never-give-up-fgc-valorant-invitational-2023-act-2-qualifiers-qf";"Douyu Gaming 38.29%  ";"Royal Never Give Up 61.71%  ";"1";38,29;61,71;"0";NA
"75";"x3";"https://www.vlr.gg/193438/crazy-raccoon-vs-igzist-challengers-league-japan-split-2-d2";"Crazy Raccoon 61.42%  ";"IGZIST 38.58%  ";"1";61,42;38,58;"1";1,04
"76";"x4";"https://www.vlr.gg/193898/our-growth-story-vs-slt-seongam-world-cyber-games-challengers-league-korea-split-2-w1";"Team OGS 60.28%  ";"SLT Seongam 39.72%  ";"1";60,28;39,72;"1";4,64
"77";"x5";"https://www.vlr.gg/189035/action-ph-vs-naos-challengers-league-philippines-split-2-regular-season-w3";"Action PH 30.89%  ";"NAOS 69.11%  ";"0";30,89;69,11;"0";1,17
"78";"x6";"https://www.vlr.gg/194338/tim-t-i-tr-vs-fancy-united-esports-challengers-league-vietnam-split-2-d8";"Tim Tài Trơ 33.16%  ";"Fancy United Esports 66.84%  ";"1";33,16;66,84;"0";NA
"79";"x7";"https://www.vlr.gg/193265/koopa-troopas-vs-the-who-challengers-league-oceania-split-2-group-stage-w2";"Koopa Troopas 49.22%  ";"The Who? 50.78%  ";"0";49,22;50,78;"0";1,9
"80";"x8";"https://www.vlr.gg/191771/edward-gaming-vs-kone-esc-fgc-valorant-invitational-2023-act-1-uf";"EDward Gaming 44.52%  ";"KONE eSC 55.48%  ";"1";44,52;55,48;"0";1,19
"81";"x9";"https://www.vlr.gg/193899/gwangju-shadow-vs-dplus-esports-world-cyber-games-challengers-league-korea-split-2-w1";"Gwangju Shadow 24.58%  ";"Dplus Esports 75.42%  ";"0";24,58;75,42;"0";1,27
"82";"x10";"https://www.vlr.gg/195677/number-one-player-vs-bilibili-gaming-fgc-valorant-invitational-2023-act-2-qualifiers-qf";"Number One Player 20.31%  ";"Bilibili Gaming 79.69%  ";"0";20,31;79,69;"0";NA
"83";"x11";"https://www.vlr.gg/189612/utt-esports-vs-ghost-commandos-challengers-league-taiwan-hong-kong-split-2-r3";"UTT Esports 86.77%  ";"Ghost CommandoS 13.23%  ";"1";86,77;13,23;"1";1,31
"84";"x12";"https://www.vlr.gg/193439/sengoku-gaming-vs-scarz-challengers-league-japan-split-2-d2";"Sengoku Gaming 43.62%  ";"SCARZ 56.38%  ";"0";43,62;56,38;"0";1,15
"85";"x13";"https://www.vlr.gg/194339/syko-vs-twokay-challengers-league-vietnam-split-2-d8";"Syko 49.34%  ";"TwoKay 50.66%  ";"1";49,34;50,66;"0";NA
"86";"x14";"https://www.vlr.gg/193266/xyz-vs-95x-esports-challengers-league-oceania-split-2-group-stage-w2";"xyz 34.4%  ";"95x Esports 65.6%  ";"0";34,4;65,6;"0";1,07
"87";"x15";"https://www.vlr.gg/188034/bleed-vs-todak-challengers-league-malaysia-singapore-split-2-d9";"BLEED 79.53%  ";"Todak 20.47%  ";"1";79,53;20,47;"1";1,06
"88";"x16";"https://www.vlr.gg/189036/rambutan-ni-tatay-vs-zol-esports-challengers-league-philippines-split-2-regular-season-w3";"Rambutan ni Tatay 25.7%  ";"ZOL Esports 74.3%  ";"1";25,7;74,3;"0";2,73
"89";"x17";"https://www.vlr.gg/189613/ghetto-artist-vs-anti-eco-eco-club-challengers-league-taiwan-hong-kong-split-2-r3";"Ghetto Artist 35.86%  ";"Anti Eco Eco Club 64.14%  ";"0";35,86;64,14;"0";1,31
"90";"x18";"https://www.vlr.gg/191772/attacking-soul-esports-vs-funplus-phoenix-fgc-valorant-invitational-2023-act-1-lr2";"Attacking Soul Esports 42.99%  ";"FunPlus Phoenix 57.01%  ";"1";42,99;57,01;"0";2,35
"91";"x19";"https://www.vlr.gg/195678/rare-atom-vs-kingzone-fgc-valorant-invitational-2023-act-2-qualifiers-qf";"Rare Atom 59.04%  ";"Kingzone 40.96%  ";"1";59,04;40,96;"1";NA
"92";"x20";"https://www.vlr.gg/188035/teo-teo-teo-vs-louvre-challengers-league-malaysia-singapore-split-2-d9";"Teo Teo Teo 91.54%  ";"Louvre 8.46%  ";"1";91,54;8,46;"1";1,24
"93";"x21";"https://www.vlr.gg/195697/aster-army-vs-true-rippers-challengers-league-south-asia-split-1-ur1";"Aster Army 47.47%  ";"True Rippers 52.53%  ";"0";47,47;52,53;"0";2,16
"94";"x22";"https://www.vlr.gg/183952/giants-gaming-vs-bbl-esports-champions-tour-2023-emea-league-w3";"Giants Gaming 81.52%  ";"BBL Esports 18.48%  ";"1";81,52;18,48;"1";1,4
"95";"x23";"https://www.vlr.gg/183953/team-vitality-vs-karmine-corp-champions-tour-2023-emea-league-w3";"Team Vitality 70.41%  ";"Karmine Corp 29.59%  ";"1";70,41;29,59;"1";1,19
"96";"x1";"https://www.vlr.gg/184472/paper-rex-vs-drx-champions-tour-2023-pacific-league-w4";"Paper Rex 28.66%  ";"DRX 71.34%  ";"0";28,66;71,34;"0";1,3
"97";"x2";"https://www.vlr.gg/191773/kone-esc-vs-attacking-soul-esports-fgc-valorant-invitational-2023-act-1-lf";"KONE eSC 65.5%  ";"Attacking Soul Esports 34.5%  ";"0";65,5;34,5;"1";1,9
"98";"x3";"https://www.vlr.gg/195679/jijiehao-vs-douyu-gaming-fgc-valorant-invitational-2023-act-2-qualifiers-ubsf";"JiJieHao 62.03%  ";"Douyu Gaming 37.97%  ";"0";62,03;37,97;"1";NA
"99";"x4";"https://www.vlr.gg/184473/team-secret-vs-rex-regum-qeon-champions-tour-2023-pacific-league-w4";"Team Secret 69.31%  ";"Rex Regum Qeon 30.69%  ";"0";69,31;30,69;"1";2,77
"100";"x5";"https://www.vlr.gg/195680/bilibili-gaming-vs-rare-atom-fgc-valorant-invitational-2023-act-2-qualifiers-ubsf";"Bilibili Gaming 79.62%  ";"Rare Atom 20.38%  ";"0";79,62;20,38;"1";NA
"101";"x6";"https://www.vlr.gg/189077/galatasaray-esports-vs-s2g-esports-challengers-league-turkey-birlik-split-2-group-stage-w3";"Galatasaray Esports 29.96%  ";"S2G Esports 70.04%  ";"0";29,96;70,04;"0";1,31
"102";"x7";"https://www.vlr.gg/188469/ftw-esports-vs-vikings-fourteen-challengers-league-portugal-tempest-split-2-regular-season-r5";"FTW Esports 33.32%  ";"VIKINGS Fourteen 66.68%  ";"1";33,32;66,68;"0";1,08
"103";"x9";"https://www.vlr.gg/189554/rapid-ninjas-vs-b8-esports-challengers-league-east-surge-split-2-r5";"Rapid Ninjas 66.32%  ";"B8 Esports 33.68%  ";"1";66,32;33,68;"1";1,51
"104";"x10";"https://www.vlr.gg/195698/gods-reign-vs-reckoning-esports-challengers-league-south-asia-split-1-ur1";"Gods Reign 79.1%  ";"Reckoning Esports 20.9%  ";"0";79,1;20,9;"1";1,86
"105";"x11";"https://www.vlr.gg/188470/panthers-esports-vs-egn-esports-challengers-league-portugal-tempest-split-2-regular-season-r5";"Panthers Esports 19.87%  ";"EGN Esports 80.13%  ";"0";19,87;80,13;"0";3,46
"106";"x12";"https://www.vlr.gg/189555/zero-tenacity-vs-acend-challengers-league-east-surge-split-2-r5";"Zero Tenacity 22.73%  ";"Acend 77.27%  ";"0";22,73;77,27;"0";1,19
"107";"x13";"https://www.vlr.gg/194134/blx-utd-vs-wylde-challengers-league-france-revolution-split-2-w2";"BLX UTD 49.69%  ";"WYLDE 50.31%  ";"0";49,69;50,31;"0";1,42
"108";"x14";"https://www.vlr.gg/188471/ex0tik-gaming-vs-impulse-gw-challengers-league-portugal-tempest-split-2-regular-season-r5";"EX0TIK GAMING 64.65%  ";"Impulse GW 35.35%  ";"1";64,65;35,35;"1";1,36
"109";"x15";"https://www.vlr.gg/188535/angry-titans-vs-mouz-challengers-league-dach-evolution-split-2-r4";"Angry Titans 28.45%  ";"MOUZ 71.55%  ";"0";28,45;71,55;"0";1,59
"110";"x16";"https://www.vlr.gg/189556/gonext-esports-vs-enterprise-esports-challengers-league-east-surge-split-2-r5";"GONext Esports 43.42%  ";"Enterprise Esports 56.58%  ";"1";43,42;56,58;"0";3,84
"111";"x17";"https://www.vlr.gg/194135/akroma-vs-mandatory-challengers-league-france-revolution-split-2-w2";"Akroma 41.36%  ";"Mandatory 58.64%  ";"0";41,36;58,64;"0";1,39
"112";"x18";"https://www.vlr.gg/189078/digital-athletics-vs-fenerbah-e-esports-challengers-league-turkey-birlik-split-2-group-stage-w3";"Digital Athletics 71.48%  ";"Fenerbahçe Esports 28.52%  ";"1";71,48;28,52;"1";1,27
"113";"x19";"https://www.vlr.gg/188395/axolotl-vs-gmt-esports-challengers-league-italy-rinascimento-split-2-w3";"Axolotl 14.72%  ";"GMT Esports 85.28%  ";"0";14,72;85,28;"0";1,28
"114";"x20";"https://www.vlr.gg/188472/saw-vs-gtz-esports-challengers-league-portugal-tempest-split-2-regular-season-r5";"SAW 62.4%  ";"GTZ Esports 37.6%  ";"1";62,4;37,6;"1";1,48
"115";"x21";"https://www.vlr.gg/194136/gentle-mates-vs-solary-challengers-league-france-revolution-split-2-w2";"Gentle Mates 47.59%  ";"Solary 52.41%  ";"1";47,59;52,41;"0";NA
"116";"x22";"https://www.vlr.gg/183785/cloud9-vs-100-thieves-champions-tour-2023-americas-league-w3";"Cloud9 45.18%  ";"100 Thieves 54.82%  ";"1";45,18;54,82;"0";2,65
"117";"x23";"https://www.vlr.gg/188396/qlash-vs-macko-esports-challengers-league-italy-rinascimento-split-2-w3";"QLASH 56.48%  ";"Macko Esports 43.52%  ";"1";56,48;43,52;"1";2,26
"118";"x24";"https://www.vlr.gg/189558/diamant-esports-vs-anonymo-esports-challengers-league-east-surge-split-2-r5";"Diamant Esports 38.19%  ";"Anonymo Esports 61.81%  ";"1";38,19;61,81;"0";1,65
"119";"x25";"https://www.vlr.gg/194137/joblife-vs-zerance-challengers-league-france-revolution-split-2-w2";"Joblife 64.69%  ";"Zerance 35.31%  ";"1";64,69;35,31;"1";1,53
"120";"x26";"https://www.vlr.gg/188397/outplayed-vs-hmble-challengers-league-italy-rinascimento-split-2-w3";"Outplayed 18.99%  ";"HMBLE 81.01%  ";"1";18,99;81,01;"0";3,39
"121";"x27";"https://www.vlr.gg/194138/valiant-vs-3dmax-challengers-league-france-revolution-split-2-w2";"VALIANT 66.04%  ";"3DMAX 33.96%  ";"1";66,04;33,96;"1";1,18
"122";"x28";"https://www.vlr.gg/183786/nrg-esports-vs-mibr-champions-tour-2023-americas-league-w3";"NRG Esports 57.77%  ";"MIBR 42.23%  ";"0";57,77;42,23;"1";4,81
"123";"x1";"https://www.vlr.gg/195681/douyu-gaming-vs-rare-atom-fgc-valorant-invitational-2023-act-2-qualifiers-uf";"Douyu Gaming 58.68%  ";"Rare Atom 41.32%  ";"1";58,68;41,32;"1";NA
"124";"x2";"https://www.vlr.gg/184474/t1-vs-gen-g-champions-tour-2023-pacific-league-w4";"T1 38.79%  ";"Gen.G 61.21%  ";"0";38,79;61,21;"0";1,44
"125";"x3";"https://www.vlr.gg/191774/edward-gaming-vs-attacking-soul-esports-fgc-valorant-invitational-2023-act-1-gf";"EDward Gaming 88.96%  ";"Attacking Soul Esports 11.04%  ";"0";88,96;11,04;"1";4,06
"126";"x4";"https://www.vlr.gg/195682/jijiehao-vs-bilibili-gaming-fgc-valorant-invitational-2023-act-2-qualifiers-lr1";"JiJieHao 45.36%  ";"Bilibili Gaming 54.64%  ";"1";45,36;54,64;"0";NA
"127";"x5";"https://www.vlr.gg/184475/zeta-division-vs-detonation-focusme-champions-tour-2023-pacific-league-w4";"ZETA DIVISION 52.88%  ";"DetonatioN FocusMe 47.12%  ";"1";52,88;47,12;"1";1,16
"128";"x6";"https://www.vlr.gg/189079/galakticos-vs-fire-flux-esports-challengers-league-turkey-birlik-split-2-group-stage-w3";"Galakticos 20.77%  ";"Fire Flux Esports 79.23%  ";"0";20,77;79,23;"0";1,1
"129";"x7";"https://www.vlr.gg/188473/impulse-gw-vs-egn-esports-challengers-league-portugal-tempest-split-2-regular-season-r6";"Impulse GW 31.24%  ";"EGN Esports 68.76%  ";"1";31,24;68,76;"0";1,58
"130";"x8";"https://www.vlr.gg/189560/enterprise-esports-vs-diamant-esports-challengers-league-east-surge-split-2-r6";"Enterprise Esports 36.9%  ";"Diamant Esports 63.1%  ";"0";36,9;63,1;"0";1,41
"131";"x9";"https://www.vlr.gg/195700/orangutan-vs-reckoning-esports-challengers-league-south-asia-split-1-ubsf";"Orangutan 74.42%  ";"Reckoning Esports 25.58%  ";"1";74,42;25,58;"1";1,21
"132";"x10";"https://www.vlr.gg/188474/ex0tik-gaming-vs-vikings-fourteen-challengers-league-portugal-tempest-split-2-regular-season-r6";"EX0TIK GAMING 22.67%  ";"VIKINGS Fourteen 77.33%  ";"1";22,67;77,33;"0";1,5
"133";"x11";"https://www.vlr.gg/189561/zero-tenacity-vs-b8-esports-challengers-league-east-surge-split-2-r6";"Zero Tenacity 53.21%  ";"B8 Esports 46.79%  ";"1";53,21;46,79;"1";1,49
"134";"x12";"https://www.vlr.gg/194139/akroma-vs-wylde-challengers-league-france-revolution-split-2-w2";"Akroma 46.69%  ";"WYLDE 53.31%  ";"0";46,69;53,31;"0";1,48
"135";"x13";"https://www.vlr.gg/188398/qlash-vs-axolotl-challengers-league-italy-rinascimento-split-2-w3";"QLASH 76.93%  ";"Axolotl 23.07%  ";"1";76,93;23,07;"1";1,51
"136";"x14";"https://www.vlr.gg/188475/ftw-esports-vs-saw-challengers-league-portugal-tempest-split-2-regular-season-r6";"FTW Esports 21.52%  ";"SAW 78.48%  ";"0";21,52;78,48;"0";1,05
"137";"x15";"https://www.vlr.gg/188537/aex-1-vs-alternate-attax-challengers-league-dach-evolution-split-2-r4";"AEX-1 27.76%  ";"ALTERNATE aTTaX 72.24%  ";"0";27,76;72,24;"0";1,69
"138";"x16";"https://www.vlr.gg/189562/nom-esports-vs-acend-challengers-league-east-surge-split-2-r6";"NOM Esports 19.89%  ";"Acend 80.11%  ";"1";19,89;80,11;"0";4,66
"139";"x17";"https://www.vlr.gg/194140/valiant-vs-joblife-challengers-league-france-revolution-split-2-w2";"VALIANT 68.63%  ";"Joblife 31.37%  ";"0";68,63;31,37;"1";2,09
"140";"x18";"https://www.vlr.gg/189080/stanbul-wildcats-vs-papara-supermassive-challengers-league-turkey-birlik-split-2-group-stage-w3";"İstanbul Wildcats 36.6%  ";"Papara SuperMassive 63.4%  ";"0";36,6;63,4;"0";1,11
"141";"x19";"https://www.vlr.gg/188476/gtz-esports-vs-panthers-esports-challengers-league-portugal-tempest-split-2-regular-season-r6";"GTZ Esports 89.42%  ";"Panthers Esports 10.58%  ";"1";89,42;10,58;"1";1,15
"142";"x20";"https://www.vlr.gg/189563/gonext-esports-vs-rapid-ninjas-challengers-league-east-surge-split-2-r6";"GONext Esports 47.54%  ";"Rapid Ninjas 52.46%  ";"1";47,54;52,46;"0";1,63
"143";"x21";"https://www.vlr.gg/194141/zerance-vs-mandatory-challengers-league-france-revolution-split-2-w2";"Zerance 20.82%  ";"Mandatory 79.18%  ";"1";20,82;79,18;"0";2,63
"144";"x22";"https://www.vlr.gg/183787/leviat-n-vs-sentinels-champions-tour-2023-americas-league-w3";"Leviatán 25.43%  ";"Sentinels 74.57%  ";"1";25,43;74,57;"0";1,46
"145";"x23";"https://www.vlr.gg/188400/gmt-esports-vs-hmble-challengers-league-italy-rinascimento-split-2-w3";"GMT Esports 78.79%  ";"HMBLE 21.21%  ";"1";78,79;21,21;"1";1,04
"146";"x24";"https://www.vlr.gg/194142/gentle-mates-vs-3dmax-challengers-league-france-revolution-split-2-w2";"Gentle Mates 66.57%  ";"3DMAX 33.43%  ";"1";66,57;33,43;"1";1,26
"147";"x25";"https://www.vlr.gg/188401/dsyre-vs-macko-esports-challengers-league-italy-rinascimento-split-2-w3";"DSYRE 79.77%  ";"Macko Esports 20.23%  ";"1";79,77;20,23;"1";1,19
"148";"x26";"https://www.vlr.gg/194143/3dmax-vs-blx-utd-challengers-league-france-revolution-split-2-w2";"3DMAX 56.7%  ";"BLX UTD 43.3%  ";"1";56,7;43,3;"1";1,81
"149";"x27";"https://www.vlr.gg/183788/evil-geniuses-vs-kr-esports-champions-tour-2023-americas-league-w3";"Evil Geniuses 38.57%  ";"KRÜ Esports 61.43%  ";"1";38,57;61,43;"0";2,3
"150";"1";"https://www.vlr.gg/184476/talon-esports-vs-global-esports-champions-tour-2023-pacific-league-w4";"Talon Esports 42.07%  ";"Global Esports 57.93%  ";"0";42,07;57,93;"0";2,31
"151";"2";"https://www.vlr.gg/195699/velocity-gaming-vs-true-rippers-challengers-league-south-asia-split-1-ubsf";"Velocity Gaming 76.81%  ";"True Rippers 23.19%  ";"0";76,81;23,19;"1";7,15
"152";"3";"https://www.vlr.gg/192989/aym-esports-vs-rebels-gaming-challengers-league-spain-rising-split-2-r5";"AYM Esports 31.68%  ";"Rebels Gaming 68.32%  ";"0";31,68;68,32;"0";1,26
"153";"4";"https://www.vlr.gg/188564/les-petits-bouffons-vs-emasters-challengers-league-northern-europe-polaris-split-2-r3";"Les Petits Bouffons 65.98%  ";"eMasters 34.02%  ";"1";65,98;34,02;"1";1,39
"154";"5";"https://www.vlr.gg/192991/movistar-riders-vs-ramboot-club-challengers-league-spain-rising-split-2-r5";"Movistar Riders 28.39%  ";"Ramboot Club 71.61%  ";"0";28,39;71,61;"0";1,8
"155";"6";"https://www.vlr.gg/192987/team-queso-vs-zeta-gaming-challengers-league-spain-rising-split-2-r5";"Team Queso 57.44%  ";"ZETA Gaming 42.56%  ";"0";57,44;42,56;"1";3,14
"156";"7";"https://www.vlr.gg/189081/thunderbolts-gaming-vs-fenerbah-e-esports-challengers-league-turkey-birlik-split-2-group-stage-w";"Thunderbolts Gaming 58.19%  ";"Fenerbahçe Esports 41.81%  ";"1";58,19;41,81;"1";1,29
"157";"8";"https://www.vlr.gg/192990/ucam-tokiers-vs-falcons-challengers-league-spain-rising-split-2-r5";"UCAM Tokiers 45.62%  ";"Falcons 54.38%  ";"1";45,62;54,38;"0";NA
"158";"9";"https://www.vlr.gg/183789/loud-vs-furia-champions-tour-2023-americas-league-w3";"LOUD 64.48%  ";"FURIA 35.52%  ";"1";64,48;35,52;"1";1,36
"159";"10";"https://www.vlr.gg/192988/kpi-gaming-vs-case-esports-challengers-league-spain-rising-split-2-r5";"KPI Gaming 76.3%  ";"Case Esports 23.7%  ";"0";76,3;23,7;"1";1,61
"160";"1";"https://www.vlr.gg/193900/incheon-on-sla2ers-vs-gwangju-shadow-world-cyber-games-challengers-league-korea-split-2-w2";"Incheon On Sla2ers 62.33%  ";"Gwangju Shadow 37.67%  ";"0";62,33;37,67;"1";2,4
"161";"2";"https://www.vlr.gg/199036/twokay-vs-lazy-challengers-league-vietnam-split-2-d9";"TwoKay 37.26%  ";"LAZY 62.74%  ";"0";37,26;62,74;"0";NA
"162";"3";"https://www.vlr.gg/193901/slt-seongam-vs-nongshim-redforce-world-cyber-games-challengers-league-korea-split-2-w2";"SLT Seongam 81.34%  ";"Nongshim RedForce 18.66%  ";"0";81,34;18,66;"1";3,59
"163";"4";"https://www.vlr.gg/199037/tim-t-i-tr-vs-team-big-baam-challengers-league-vietnam-split-2-d9";"Tim Tài Trơ 63.57%  ";"Team Big BAAM 36.43%  ";"1";63,57;36,43;"1";NA
"164";"5";"https://www.vlr.gg/195701/reckoning-esports-vs-aster-army-challengers-league-south-asia-split-1-lr1";"Reckoning Esports 42.22%  ";"Aster Army 57.78%  ";"0";42,22;57,78;"0";2,59
"165";"6";"https://www.vlr.gg/192992/rebels-gaming-vs-zeta-gaming-challengers-league-spain-rising-split-2-r6";"Rebels Gaming 64.97%  ";"ZETA Gaming 35.03%  ";"0";64,97;35,03;"1";1,54
"166";"7";"https://www.vlr.gg/188566/apeks-vs-coalesce-challengers-league-northern-europe-polaris-split-2-r3";"Apeks 62.32%  ";"Coalesce 37.68%  ";"1";62,32;37,68;"1";1,11
"167";"8";"https://www.vlr.gg/192996/aym-esports-vs-ucam-tokiers-challengers-league-spain-rising-split-2-r6";"AYM Esports 27.43%  ";"UCAM Tokiers 72.57%  ";"0";27,43;72,57;"0";1,16
"168";"9";"https://www.vlr.gg/192995/kpi-gaming-vs-movistar-riders-challengers-league-spain-rising-split-2-r6";"KPI Gaming 77.35%  ";"Movistar Riders 22.65%  ";"1";77,35;22,65;"1";1,67
"169";"10";"https://www.vlr.gg/192993/case-esports-vs-falcons-challengers-league-spain-rising-split-2-r6";"Case Esports 53.97%  ";"Falcons 46.03%  ";"1";53,97;46,03;"1";NA
"170";"11";"https://www.vlr.gg/192994/team-queso-vs-ramboot-club-challengers-league-spain-rising-split-2-r6";"Team Queso 60.43%  ";"Ramboot Club 39.57%  ";"1";60,43;39,57;"1";1,46
"171";"12";"https://www.vlr.gg/196134/m80-vs-turtle-troop-challengers-league-north-america-w1";"M80 76.29%  ";"Turtle Troop 23.71%  ";"1";76,29;23,71;"1";1,12
"172";"1";"https://www.vlr.gg/198829/bilibili-gaming-vs-newhappy-esports-fgc-valorant-invitational-2023-act-2-qualifiers-ro16";"Bilibili Gaming 76.33%  ";"NewHappy Esports 23.67%  ";"1";76,33;23,67;"1";1,15
"173";"2";"https://www.vlr.gg/198830/kingzone-vs-all-gamers-fgc-valorant-invitational-2023-act-2-qualifiers-ro16";"Kingzone 75.78%  ";"All Gamers 24.22%  ";"1";75,78;24,22;"1";1,18
"174";"3";"https://www.vlr.gg/193441/northeption-vs-fennel-challengers-league-japan-split-2-d3";"NORTHEPTION 32.21%  ";"FENNEL 67.79%  ";"0";32,21;67,79;"0";1,7
"175";"4";"https://www.vlr.gg/193902/dplus-esports-vs-cnj-esports-world-cyber-games-challengers-league-korea-split-2-w2";"Dplus Esports 84.57%  ";"CNJ esports 15.43%  ";"1";84,57;15,43;"1";1,11
"176";"5";"https://www.vlr.gg/199038/the-mad-men-vs-fancy-united-esports-challengers-league-vietnam-split-2-d10";"The Mad Men 11.45%  ";"Fancy United Esports 88.55%  ";"0";11,45;88,55;"0";NA
"177";"6";"https://www.vlr.gg/198831/tyloo-vs-nova-esports-fgc-valorant-invitational-2023-act-2-qualifiers-ro16";"TYLOO 78.76%  ";"Nova Esports 21.24%  ";"1";78,76;21,24;"1";1,23
"178";"7";"https://www.vlr.gg/188358/made-in-thailand-vs-crit-esports-challengers-league-thailand-split-2-w3";"Made in Thailand 62.37%  ";"CRIT Esports 37.63%  ";"1";62,37;37,63;"1";1,09
"179";"8";"https://www.vlr.gg/193442/crazy-raccoon-vs-sengoku-gaming-challengers-league-japan-split-2-d3";"Crazy Raccoon 63.02%  ";"Sengoku Gaming 36.98%  ";"1";63,02;36,98;"1";1,02
"180";"9";"https://www.vlr.gg/193903/team-ogs-vs-maru-gaming-world-cyber-games-challengers-league-korea-split-2-w2";"Team OGS 60.13%  ";"Maru Gaming 39.87%  ";"0";60,13;39,87;"1";1,58
"181";"10";"https://www.vlr.gg/199039/syko-vs-team-lofi-challengers-league-vietnam-split-2-d10";"Syko 65.84%  ";"Team Lofi 34.16%  ";"1";65,84;34,16;"1";NA
"182";"11";"https://www.vlr.gg/188359/sharper-esport-vs-xerxia-esports-challengers-league-thailand-split-2-w3";"Sharper Esport 61.81%  ";"XERXIA Esports 38.19%  ";"1";61,81;38,19;"1";1,34
"183";"12";"https://www.vlr.gg/198832/gank-gaming-vs-four-angry-men-fgc-valorant-invitational-2023-act-2-qualifiers-ro16";"Gank Gaming 59.82%  ";"Four Angry Men 40.18%  ";"1";59,82;40,18;"1";2,91
"184";"13";"https://www.vlr.gg/184037/team-heretics-vs-team-liquid-champions-tour-2023-emea-league-w4";"Team Heretics 57.42%  ";"Team Liquid 42.58%  ";"0";57,42;42,58;"1";1,19
"185";"14";"https://www.vlr.gg/193555/tbk-esports-vs-keyd-stars-challengers-league-brazil-split-2-w3";"TBK Esports 31.53%  ";"Keyd Stars 68.47%  ";"0";31,53;68,47;"0";1,65
"186";"15";"https://www.vlr.gg/196135/tsm-vs-shopify-rebellion-challengers-league-north-america-w1";"TSM 44.67%  ";"Shopify Rebellion 55.33%  ";"1";44,67;55,33;"0";1,65
"187";"16";"https://www.vlr.gg/193556/00nation-vs-the-union-challengers-league-brazil-split-2-w3";"00Nation 61.33%  ";"The Union 38.67%  ";"0";61,33;38,67;"1";1,61
"188";"17";"https://www.vlr.gg/196136/the-guard-vs-faze-clan-challengers-league-north-america-w1";"The Guard 40.66%  ";"FaZe Clan 59.34%  ";"1";40,66;59,34;"0";1,3
"189";"1";"https://www.vlr.gg/198833/kunpeng-gaming-vs-invincible-gaming-fgc-valorant-invitational-2023-act-2-qualifiers-ro16";"KunPeng Gaming 38.19%  ";"Invincible Gaming 61.81%  ";"0";38,19;61,81;"0";1,05
"190";"2";"https://www.vlr.gg/198834/number-one-player-vs-invictus-gaming-fgc-valorant-invitational-2023-act-2-qualifiers-ro16";"Number One Player 58.69%  ";"Invictus Gaming 41.31%  ";"1";58,69;41,31;"1";1,15
"191";"3";"https://www.vlr.gg/193444/igzist-vs-scarz-challengers-league-japan-split-2-d4";"IGZIST 53.54%  ";"SCARZ 46.46%  ";"0";53,54;46,46;"1";1,07
"192";"4";"https://www.vlr.gg/193904/gwangju-shadow-vs-nongshim-redforce-world-cyber-games-challengers-league-korea-split-2-w2";"Gwangju Shadow 79.88%  ";"Nongshim RedForce 20.12%  ";"1";79,88;20,12;"1";1,71
"193";"5";"https://www.vlr.gg/189037/rambutan-ni-tatay-vs-stream-raiders-nacague-challengers-league-philippines-split-2-regular-seaso";"Rambutan ni Tatay 29.9%  ";"Stream Raiders Nacague 70.1%  ";"0";29,9;70,1;"0";1,97
"194";"6";"https://www.vlr.gg/199040/team-big-baam-vs-the-mad-men-challengers-league-vietnam-split-2-d11";"Team Big BAAM 84.48%  ";"The Mad Men 15.52%  ";"0";84,48;15,52;"1";NA
"195";"7";"https://www.vlr.gg/193267/funcrew-vs-95x-esports-challengers-league-oceania-split-2-group-stage-w3";"Funcrew 26.96%  ";"95x Esports 73.04%  ";"1";26,96;73,04;"0";4,07
"196";"8";"https://www.vlr.gg/198835/royal-never-give-up-vs-trace-esports-fgc-valorant-invitational-2023-act-2-qualifiers-ro16";"Royal Never Give Up 56.91%  ";"Trace Esports 43.09%  ";"1";56,91;43,09;"1";1,27
"197";"9";"https://www.vlr.gg/188360/full-sense-vs-attack-all-around-challengers-league-thailand-split-2-w3";"FULL SENSE 43.84%  ";"Attack All Around 56.16%  ";"1";43,84;56,16;"0";2,4
"198";"10";"https://www.vlr.gg/193445/crest-gaming-zst-vs-jadeite-challengers-league-japan-split-2-d4";"Crest Gaming Zst 31.66%  ";"Jadeite 68.34%  ";"0";31,66;68,34;"0";1,25
"199";"11";"https://www.vlr.gg/193905/slt-seongam-vs-incheon-on-sla2ers-world-cyber-games-challengers-league-korea-split-2-w2";"SLT Seongam 52.13%  ";"Incheon On Sla2ers 47.87%  ";"1";52,13;47,87;"1";1,44
"200";"12";"https://www.vlr.gg/199041/fancy-united-esports-vs-twokay-challengers-league-vietnam-split-2-d11";"Fancy United Esports 92.74%  ";"TwoKay 7.26%  ";"1";92,74;7,26;"1";NA
"201";"13";"https://www.vlr.gg/193268/the-who-vs-xyz-challengers-league-oceania-split-2-group-stage-w3";"The Who? 33.8%  ";"xyz 66.2%  ";"0";33,8;66,2;"0";4,65
"202";"14";"https://www.vlr.gg/188361/team-nkt-vs-the-infinity-esport-challengers-league-thailand-split-2-w3";"Team NKT 54.66%  ";"The Infinity Esport 45.34%  ";"1";54,66;45,34;"1";1,2
"203";"15";"https://www.vlr.gg/195702/velocity-gaming-vs-gods-reign-challengers-league-south-asia-split-1-lr1";"Velocity Gaming 55.82%  ";"Gods Reign 44.18%  ";"0";55,82;44,18;"1";6,05
"204";"16";"https://www.vlr.gg/184039/fut-esports-vs-giants-gaming-champions-tour-2023-emea-league-w4";"FUT Esports 25.03%  ";"Giants Gaming 74.97%  ";"0";25,03;74,97;"0";1,9
"205";"17";"https://www.vlr.gg/196137/oxygen-esports-vs-disguised-challengers-league-north-america-w1";"Oxygen Esports 45.44%  ";"Disguised 54.56%  ";"1";45,44;54,56;"0";1,85
"206";"18";"https://www.vlr.gg/193558/liberty-vs-red-canids-challengers-league-brazil-split-2-w3";"Liberty 31.79%  ";"RED Canids 68.21%  ";"1";31,79;68,21;"0";3,25
"207";"1";"https://www.vlr.gg/198837/bilibili-gaming-vs-kingzone-fgc-valorant-invitational-2023-act-2-qualifiers-qf";"Bilibili Gaming 65.9%  ";"Kingzone 34.1%  ";"1";65,9;34,1;"1";NA
"208";"2";"https://www.vlr.gg/198838/tyloo-vs-gank-gaming-fgc-valorant-invitational-2023-act-2-qualifiers-qf";"TYLOO 23.74%  ";"Gank Gaming 76.26%  ";"0";23,74;76,26;"0";NA
"209";"3";"https://www.vlr.gg/193446/fennel-vs-sengoku-gaming-challengers-league-japan-split-2-d5";"FENNEL 71.49%  ";"Sengoku Gaming 28.51%  ";"0";71,49;28,51;"1";3,85
"210";"4";"https://www.vlr.gg/193906/maru-gaming-vs-dplus-esports-world-cyber-games-challengers-league-korea-split-2-w2";"Maru Gaming 22.17%  ";"Dplus Esports 77.83%  ";"0";22,17;77,83;"0";1,29
"211";"5";"https://www.vlr.gg/189039/mvp-esports-vs-naos-challengers-league-philippines-split-2-regular-season-w4";"MVP Esports 24.18%  ";"NAOS 75.82%  ";"0";24,18;75,82;"0";1,08
"212";"6";"https://www.vlr.gg/199042/lazy-vs-syko-challengers-league-vietnam-split-2-d12";"LAZY 64.29%  ";"Syko 35.71%  ";"1";64,29;35,71;"1";NA
"213";"7";"https://www.vlr.gg/193269/mammoth-esc-vs-nerdpunt-challengers-league-oceania-split-2-group-stage-w3";"Mammoth ESC 22.1%  ";"NerdPunt 77.9%  ";"0";22,1;77,9;"0";1,27
"214";"8";"https://www.vlr.gg/198839/invincible-gaming-vs-number-one-player-fgc-valorant-invitational-2023-act-2-qualifiers-qf";"Invincible Gaming 46.25%  ";"Number One Player 53.75%  ";"0";46,25;53,75;"0";NA
"215";"9";"https://www.vlr.gg/188362/sharper-esport-vs-the-infinity-esport-challengers-league-thailand-split-2-w3";"Sharper Esport 75.47%  ";"The Infinity Esport 24.53%  ";"1";75,47;24,53;"1";1,04
"216";"10";"https://www.vlr.gg/193447/northeption-vs-crazy-raccoon-challengers-league-japan-split-2-d5";"NORTHEPTION 23.51%  ";"Crazy Raccoon 76.49%  ";"1";23,51;76,49;"0";4,57
"217";"11";"https://www.vlr.gg/193907/team-ogs-vs-cnj-esports-world-cyber-games-challengers-league-korea-split-2-w2";"Team OGS 70.02%  ";"CNJ esports 29.98%  ";"0";70,02;29,98;"1";4,74
"218";"12";"https://www.vlr.gg/199043/team-lofi-vs-tim-t-i-tr-challengers-league-vietnam-split-2-d12";"Team Lofi 25.42%  ";"Tim Tài Trơ 74.58%  ";"0";25,42;74,58;"0";NA
"219";"13";"https://www.vlr.gg/199855/oblivion-force-vs-one-team-esports-challengers-league-taiwan-hong-kong-split-2-r4";"Oblivion Force 26.01%  ";"ONE Team Esports 73.99%  ";"0";26,01;73,99;"0";1,79
"220";"14";"https://www.vlr.gg/193270/guangzhou-long-lionz-vs-koopa-troopas-challengers-league-oceania-split-2-group-stage-w3";"Guangzhou Long Lionz 43.92%  ";"Koopa Troopas 56.08%  ";"0";43,92;56,08;"0";1,79
"221";"15";"https://www.vlr.gg/189038/action-ph-vs-oasis-gaming-challengers-league-philippines-split-2-regular-season-w4";"Action PH 32.53%  ";"Oasis Gaming 67.47%  ";"0";32,53;67,47;"0";1,59
"222";"16";"https://www.vlr.gg/188363/attack-all-around-vs-made-in-thailand-challengers-league-thailand-split-2-w3";"Attack All Around 26.48%  ";"Made in Thailand 73.52%  ";"0";26,48;73,52;"0";1,14
"223";"17";"https://www.vlr.gg/198840/royal-never-give-up-vs-jijiehao-fgc-valorant-invitational-2023-act-2-qualifiers-qf";"Royal Never Give Up 60.85%  ";"JiJieHao 39.15%  ";"1";60,85;39,15;"1";NA
"224";"18";"https://www.vlr.gg/199856/ghetto-artist-vs-ghost-commandos-challengers-league-taiwan-hong-kong-split-2-r4";"Ghetto Artist 65.56%  ";"Ghost CommandoS 34.44%  ";"1";65,56;34,44;"1";1,26
"225";"19";"https://www.vlr.gg/195704/aster-army-vs-gods-reign-challengers-league-south-asia-split-1-lr2";"Aster Army 23.06%  ";"Gods Reign 76.94%  ";"0";23,06;76,94;"0";1,52
"226";"20";"https://www.vlr.gg/195705/true-rippers-vs-orangutan-challengers-league-south-asia-split-1-uf";"True Rippers 21.94%  ";"Orangutan 78.06%  ";"0";21,94;78,06;"0";1,18
"227";"21";"https://www.vlr.gg/183791/loud-vs-sentinels-champions-tour-2023-americas-league-w4";"LOUD 36.32%  ";"Sentinels 63.68%  ";"1";36,32;63,68;"0";1,19
"228";"22";"https://www.vlr.gg/184041/bbl-esports-vs-team-vitality-champions-tour-2023-emea-league-w4";"BBL Esports 22.57%  ";"Team Vitality 77.43%  ";"1";22,57;77,43;"0";3,79
"229";"23";"https://www.vlr.gg/183792/leviat-n-vs-mibr-champions-tour-2023-americas-league-w4";"Leviatán 64.45%  ";"MIBR 35.55%  ";"1";64,45;35,55;"1";1,44
"230";"1";"https://www.vlr.gg/184477/paper-rex-vs-global-esports-champions-tour-2023-pacific-league-w5";"Paper Rex 52.84%  ";"Global Esports 47.16%  ";"1";52,84;47,16;"1";1,22
"231";"2";"https://www.vlr.gg/198841/bilibili-gaming-vs-gank-gaming-fgc-valorant-invitational-2023-act-2-qualifiers-ubsf";"Bilibili Gaming 19.02%  ";"Gank Gaming 80.98%  ";"1";19,02;80,98;"0";NA
"232";"3";"https://www.vlr.gg/184478/gen-g-vs-drx-champions-tour-2023-pacific-league-w5";"Gen.G 23.49%  ";"DRX 76.51%  ";"0";23,49;76,51;"0";1,2
"233";"4";"https://www.vlr.gg/198842/number-one-player-vs-royal-never-give-up-fgc-valorant-invitational-2023-act-2-qualifiers-ubsf";"GTZ Esports 80.35%  ";"Impulse GW 19.65%  ";"0";80,35;19,65;"1";NA
"234";"5";"https://www.vlr.gg/188477/gtz-esports-vs-impulse-gw-challengers-league-portugal-tempest-split-2-regular-season-r7";"SAW 85.99%  ";"Panthers Esports 14.01%  ";"1";85,99;14,01;"1";1,16
"235";"6";"https://www.vlr.gg/188478/saw-vs-panthers-esports-challengers-league-portugal-tempest-split-2-regular-season-r7";"ALTERNATE aTTaX 39.92%  ";"Ovation eSports 60.08%  ";"0";39,92;60,08;"0";6,06
"236";"7";"https://www.vlr.gg/188539/alternate-attax-vs-ovation-esports-challengers-league-dach-evolution-split-2-r5";"GONext Esports 27.76%  ";"Acend 72.24%  ";"0";27,76;72,24;"0";5,26
"237";"8";"https://www.vlr.gg/189565/gonext-esports-vs-acend-challengers-league-east-surge-split-2-r7";"True Rippers 16.18%  ";"Gods Reign 83.82%  ";"0";16,18;83,82;"0";1,16
"238";"9";"https://www.vlr.gg/195706/true-rippers-vs-gods-reign-challengers-league-south-asia-split-1-lf";"Team Vikings 24.6%  ";"EGN Esports 75.4%  ";"0";24,6;75,4;"0";1,3
"239";"10";"https://www.vlr.gg/188479/team-vikings-vs-egn-esports-challengers-league-portugal-tempest-split-2-regular-season-r7";"Enterprise Esports 70.68%  ";"B8 Esports 29.32%  ";"0";70,68;29,32;"1";1,36
"240";"11";"https://www.vlr.gg/189566/enterprise-esports-vs-b8-esports-challengers-league-east-surge-split-2-r7";"Solary 65.04%  ";"3DMAX 34.96%  ";"1";65,04;34,96;"1";1,07
"241";"12";"https://www.vlr.gg/194144/solary-vs-3dmax-challengers-league-france-revolution-split-2-w3";"Outplayed 15.67%  ";"GMT Esports 84.33%  ";"0";15,67;84,33;"0";4,74
"242";"13";"https://www.vlr.gg/188402/outplayed-vs-gmt-esports-challengers-league-italy-rinascimento-split-2-w4";"FTW Esports 50.99%  ";"EX0TIK GAMING 49.01%  ";"0";50,99;49,01;"1";1,06
"243";"14";"https://www.vlr.gg/188480/ftw-esports-vs-ex0tik-gaming-challengers-league-portugal-tempest-split-2-regular-season-r7";"MOUZ 81.27%  ";"Laterious 18.73%  ";"0";81,27;18,73;"1";1,2
"244";"15";"https://www.vlr.gg/189567/nom-esports-vs-rapid-ninjas-challengers-league-east-surge-split-2-r7";"NOM Esports 34.26%  ";"Rapid Ninjas 65.74%  ";"1";34,26;65,74;"0";1,78
"245";"16";"https://www.vlr.gg/194145/akroma-vs-blx-utd-challengers-league-france-revolution-split-2-w3";"Akroma 32.63%  ";"BLX UTD 67.37%  ";"0";32,63;67,37;"0";1,94
"246";"17";"https://www.vlr.gg/188403/qlash-vs-hmble-challengers-league-italy-rinascimento-split-2-w4";"QLASH 50.25%  ";"HMBLE 49.75%  ";"1";50,25;49,75;"1";1,63
"247";"18";"https://www.vlr.gg/194146/valiant-vs-mandatory-challengers-league-france-revolution-split-2-w3";"VALIANT 67.68%  ";"Mandatory 32.32%  ";"0";67,68;32,32;"1";1,53
"248";"19";"https://www.vlr.gg/183793/kr-esports-vs-100-thieves-champions-tour-2023-americas-league-w4";"KRÜ Esports 62.61%  ";"100 Thieves 37.39%  ";"0";62,61;37,39;"1";1,4
"249";"20";"https://www.vlr.gg/189569/zero-tenacity-vs-anonymo-esports-challengers-league-east-surge-split-2-r7";"Zero Tenacity 23.85%  ";"Anonymo Esports 76.15%  ";"1";23,85;76,15;"0";1,88
"250";"21";"https://www.vlr.gg/194147/gentle-mates-vs-joblife-challengers-league-france-revolution-split-2-w3";"Gentle Mates 72.71%  ";"Joblife 27.29%  ";"0";72,71;27,29;"1";2,73
"251";"22";"https://www.vlr.gg/188405/axolotl-vs-dsyre-challengers-league-italy-rinascimento-split-2-w4";"Axolotl 17.71%  ";"DSYRE 82.29%  ";"0";17,71;82,29;"0";1,08
"252";"23";"https://www.vlr.gg/194148/zerance-vs-wylde-challengers-league-france-revolution-split-2-w3";"Zerance 23.5%  ";"WYLDE 76.5%  ";"0";23,5;76,5;"0";2,23
"253";"24";"https://www.vlr.gg/183794/evil-geniuses-vs-furia-champions-tour-2023-americas-league-w4";"Evil Geniuses 53.83%  ";"FURIA 46.17%  ";"0";53,83;46,17;"1";1,31
"254";"1";"https://www.vlr.gg/198843/bilibili-gaming-vs-royal-never-give-up-fgc-valorant-invitational-2023-act-2-qualifiers-uf";"Bilibili Gaming 49.13%  ";"Royal Never Give Up 50.87%  ";"1";49,13;50,87;"0";NA
"255";"2";"https://www.vlr.gg/184479/t1-vs-rex-regum-qeon-champions-tour-2023-pacific-league-w5";"T1 65.09%  ";"Rex Regum Qeon 34.91%  ";"1";65,09;34,91;"1";1,82
"256";"3";"https://www.vlr.gg/198846/gank-gaming-vs-number-one-player-fgc-valorant-invitational-2023-act-2-qualifiers-lr1";"Gank Gaming 71.6%  ";"Number One Player 28.4%  ";"1";71,6;28,4;"1";NA
"257";"4";"https://www.vlr.gg/184480/team-secret-vs-detonation-focusme-champions-tour-2023-pacific-league-w5";"Team Secret 54.31%  ";"DetonatioN FocusMe 45.69%  ";"1";54,31;45,69;"1";1,24
"258";"5";"https://www.vlr.gg/188481/saw-vs-ex0tik-gaming-challengers-league-portugal-tempest-split-2-regular-season-r8";"SAW 80.36%  ";"EX0TIK GAMING 19.64%  ";"1";80,36;19,64;"1";1,2
"259";"6";"https://www.vlr.gg/195707/orangutan-vs-gods-reign-challengers-league-south-asia-split-1-gf";"Orangutan 70.96%  ";"Gods Reign 29.04%  ";"1";70,96;29,04;"1";1,2
"260";"7";"https://www.vlr.gg/188482/ftw-esports-vs-egn-esports-challengers-league-portugal-tempest-split-2-regular-season-r8";"FTW Esports 21.67%  ";"EGN Esports 78.33%  ";"0";21,67;78,33;"0";1,26
"261";"8";"https://www.vlr.gg/188541/cgn-esports-vs-angry-titans-challengers-league-dach-evolution-split-2-r5";"CGN Esports 73.29%  ";"Angry Titans 26.71%  ";"1";73,29;26,71;"1";1,98
"262";"9";"https://www.vlr.gg/189570/b8-esports-vs-acend-challengers-league-east-surge-split-2-r8";"B8 Esports 19.5%  ";"Acend 80.5%  ";"0";19,5;80,5;"0";1,15
"263";"10";"https://www.vlr.gg/199366/aym-esports-vs-ramboot-club-challengers-league-spain-rising-split-2-r7";"AYM Esports 30.62%  ";"Ramboot Club 69.38%  ";"0";30,62;69,38;"0";5,53
"264";"11";"https://www.vlr.gg/188483/gtz-esports-vs-team-vikings-challengers-league-portugal-tempest-split-2-regular-season-r8";"GTZ Esports 87.91%  ";"Team Vikings 12.09%  ";"1";87,91;12,09;"1";1,16
"265";"12";"https://www.vlr.gg/194149/zerance-vs-akroma-challengers-league-france-revolution-split-2-w3";"Zerance 34.24%  ";"Akroma 65.76%  ";"0";34,24;65,76;"0";2,89
"266";"13";"https://www.vlr.gg/199367/team-queso-vs-rebels-gaming-challengers-league-spain-rising-split-2-r7";"Team Queso 64.01%  ";"Rebels Gaming 35.99%  ";"1";64,01;35,99;"1";1,35
"267";"14";"https://www.vlr.gg/188406/outplayed-vs-macko-esports-challengers-league-italy-rinascimento-split-2-w4";"Outplayed 29.05%  ";"Macko Esports 70.95%  ";"0";29,05;70,95;"0";1,15
"268";"15";"https://www.vlr.gg/188484/panthers-esports-vs-impulse-gw-challengers-league-portugal-tempest-split-2-regular-season-r8";"Panthers Esports 46.65%  ";"Impulse GW 53.35%  ";"0";46,65;53,35;"0";1,41
"269";"16";"https://www.vlr.gg/189572/gonext-esports-vs-diamant-esports-challengers-league-east-surge-split-2-r8";"GONext Esports 44.61%  ";"Diamant Esports 55.39%  ";"1";44,61;55,39;"0";4,51
"270";"17";"https://www.vlr.gg/194150/gentle-mates-vs-mandatory-challengers-league-france-revolution-split-2-w3";"Gentle Mates 45.09%  ";"Mandatory 54.91%  ";"1";45,09;54,91;"0";1,49
"271";"18";"https://www.vlr.gg/199368/zeta-gaming-vs-case-esports-challengers-league-spain-rising-split-2-r7";"ZETA Gaming 58.87%  ";"Case Esports 41.13%  ";"1";58,87;41,13;"1";1,58
"272";"19";"https://www.vlr.gg/189573/enterprise-esports-vs-anonymo-esports-challengers-league-east-surge-split-2-r8";"Enterprise Esports 27.61%  ";"Anonymo Esports 72.39%  ";"0";27,61;72,39;"0";1,93
"273";"20";"https://www.vlr.gg/194151/valiant-vs-wylde-challengers-league-france-revolution-split-2-w3";"VALIANT 60.49%  ";"WYLDE 39.51%  ";"1";60,49;39,51;"1";2,04
"274";"21";"https://www.vlr.gg/199369/kpi-gaming-vs-falcons-challengers-league-spain-rising-split-2-r7";"KPI Gaming 61.12%  ";"Falcons 38.88%  ";"1";61,12;38,88;"1";NA
"275";"22";"https://www.vlr.gg/183795/nrg-esports-vs-cloud9-champions-tour-2023-americas-league-w4";"NRG Esports 33.4%  ";"Cloud9 66.6%  ";"0";33,4;66,6;"0";2,27
"276";"23";"https://www.vlr.gg/188408/dsyre-vs-hmble-challengers-league-italy-rinascimento-split-2-w4";"DSYRE 84.44%  ";"HMBLE 15.56%  ";"1";84,44;15,56;"1";1,17
"277";"24";"https://www.vlr.gg/189574/nom-esports-vs-zero-tenacity-challengers-league-east-surge-split-2-r8";"NOM Esports 56.95%  ";"Zero Tenacity 43.05%  ";"0";56,95;43,05;"1";1,93
"278";"25";"https://www.vlr.gg/194152/3dmax-vs-blx-utd-challengers-league-france-revolution-split-2-w3";"3DMAX 54.49%  ";"BLX UTD 45.51%  ";"0";54,49;45,51;"1";1,66
"279";"26";"https://www.vlr.gg/199370/ucam-tokiers-vs-movistar-riders-challengers-league-spain-rising-split-2-r7";"UCAM Tokiers 65.11%  ";"Movistar Riders 34.89%  ";"1";65,11;34,89;"1";1,42
"280";"27";"https://www.vlr.gg/188409/qlash-vs-gmt-esports-challengers-league-italy-rinascimento-split-2-w4";"QLASH 23.68%  ";"GMT Esports 76.32%  ";"0";23,68;76,32;"0";1,39
"281";"28";"https://www.vlr.gg/194153/joblife-vs-solary-challengers-league-france-revolution-split-2-w3";"Joblife 25.62%  ";"Solary 74.38%  ";"0";25,62;74,38;"0";2,84
"282";"29";"https://www.vlr.gg/183796/mibr-vs-sentinels-champions-tour-2023-americas-league-w4";"MIBR 37.77%  ";"Sentinels 62.23%  ";"0";37,77;62,23;"0";1,45
"283";"1";"https://www.vlr.gg/184481/zeta-division-vs-talon-esports-champions-tour-2023-pacific-league-w5";"ZETA DIVISION 44.8%  ";"Talon Esports 55.2%  ";"0";44,8;55,2;"0";3,46
"284";"2";"https://www.vlr.gg/199371/zeta-gaming-vs-falcons-challengers-league-spain-rising-split-2-r8";"ZETA Gaming 33.42%  ";"Falcons 66.58%  ";"0";33,42;66,58;"0";NA
"285";"3";"https://www.vlr.gg/188569/who-cars-vs-apeks-challengers-league-northern-europe-polaris-split-2-r4";"who cars? 39.48%  ";"Apeks 60.52%  ";"0";39,48;60,52;"0";1,18
"286";"4";"https://www.vlr.gg/197219/g2-gozen-vs-untapped-game-changers-2023-series-i-emea-groups-r1";"G2 Gozen 74.42%  ";"UNtapped 25.58%  ";"1";74,42;25,58;"1";1,05
"287";"5";"https://www.vlr.gg/197220/natus-vincere-celestials-vs-bbl-queens-game-changers-2023-series-i-emea-groups-r1";"Natus Vincere Celestials 59.1%  ";"BBL Queens 40.9%  ";"0";59,1;40,9;"1";4,58
"288";"6";"https://www.vlr.gg/197222/rebels-velvet-vs-alliance-coven-game-changers-2023-series-i-emea-groups-r1";"Rebels Velvet 46.82%  ";"Alliance Coven 53.18%  ";"1";46,82;53,18;"0";NA
"289";"7";"https://www.vlr.gg/199372/kpi-gaming-vs-aym-esports-challengers-league-spain-rising-split-2-r8";"KPI Gaming 71.99%  ";"AYM Esports 28.01%  ";"0";71,99;28,01;"1";3,2
"290";"8";"https://www.vlr.gg/199373/rebels-gaming-vs-ramboot-club-challengers-league-spain-rising-split-2-r8";"Rebels Gaming 39.92%  ";"Ramboot Club 60.08%  ";"0";39,92;60,08;"0";1,66
"291";"9";"https://www.vlr.gg/199374/team-queso-vs-ucam-tokiers-challengers-league-spain-rising-split-2-r8";"Team Queso 60.91%  ";"UCAM Tokiers 39.09%  ";"1";60,91;39,09;"1";2,22
"292";"10";"https://www.vlr.gg/183797/leviat-n-vs-100-thieves-champions-tour-2023-americas-league-w4";"Leviatán 43.1%  ";"100 Thieves 56.9%  ";"0";43,1;56,9;"0";3,32
"293";"11";"https://www.vlr.gg/188570/emasters-vs-hsdirr-challengers-league-northern-europe-polaris-split-2-r4";"eMasters 32.66%  ";"HSDIRR 67.34%  ";"1";32,66;67,34;"0";3,1
"294";"12";"https://www.vlr.gg/197249/guild-x-vs-geekay-esports-cherry-game-changers-2023-series-i-emea-groups-r1";"Guild X 73.45%  ";"GeeKay Esports Cherry 26.55%  ";"1";73,45;26,55;"1";1,03
"295";"13";"https://www.vlr.gg/197251/acend-rising-vs-karmine-corp-gc-game-changers-2023-series-i-emea-groups-r1";"Acend Rising 53.28%  ";"Karmine Corp GC 46.72%  ";"1";53,28;46,72;"1";NA
"296";"14";"https://www.vlr.gg/197252/case-hydra-vs-kpi-shine-game-changers-2023-series-i-emea-groups-r1";"Case Hydra 80.26%  ";"KPI Shine 19.74%  ";"1";80,26;19,74;"1";NA
"297";"15";"https://www.vlr.gg/199375/case-esports-vs-movistar-riders-challengers-league-spain-rising-split-2-r8";"Case Esports 70.19%  ";"Movistar Riders 29.81%  ";"1";70,19;29,81;"1";1,32
"298";"16";"https://www.vlr.gg/183798/evil-geniuses-vs-loud-champions-tour-2023-americas-league-w4";"Evil Geniuses 42.26%  ";"LOUD 57.74%  ";"0";42,26;57,74;"0";1,04
"299";"1";"https://www.vlr.gg/201246/nongshim-redforce-vs-incheon-on-sla2ers-world-cyber-games-challengers-league-korea-split-2-w3";"Nongshim RedForce 20.37%  ";"Incheon On Sla2ers 79.63%  ";"0";20,37;79,63;"0";2,27
"300";"2";"https://www.vlr.gg/201247/dplus-esports-vs-team-ogs-world-cyber-games-challengers-league-korea-split-2-w3";"Dplus Esports 67.52%  ";"Team OGS 32.48%  ";"1";67,52;32,48;"1";4,3
"301";"3";"https://www.vlr.gg/199376/ramboot-club-vs-kpi-gaming-challengers-league-spain-rising-split-2-r9";"Ramboot Club 48.01%  ";"KPI Gaming 51.99%  ";"1";48,01;51,99;"0";1,73
"302";"4";"https://www.vlr.gg/188571/vamonos-vs-fokus-challengers-league-northern-europe-polaris-split-2-r4";"VAMONOS 24.81%  ";"FOKUS 75.19%  ";"0";24,81;75,19;"0";1,12
"303";"5";"https://www.vlr.gg/188572/les-petits-bouffons-vs-coalesce-challengers-league-northern-europe-polaris-split-2-r4";"Les Petits Bouffons 70.45%  ";"Coalesce 29.55%  ";"1";70,45;29,55;"1";1,16
"304";"6";"https://www.vlr.gg/197223/g2-gozen-vs-cba-game-changers-2023-series-i-emea-groups-r2";"G2 Gozen 57.2%  ";"CBA 42.8%  ";"1";57,2;42,8;"1";NA
"305";"7";"https://www.vlr.gg/197224/fokus-sakura-vs-alliance-coven-game-changers-2023-series-i-emea-groups-r2";"FOKUS Sakura 41.13%  ";"Alliance Coven 58.87%  ";"0";41,13;58,87;"0";NA
"306";"8";"https://www.vlr.gg/197225/natus-vincere-celestials-vs-untapped-game-changers-2023-series-i-emea-groups-r2";"Natus Vincere Celestials 82.16%  ";"UNtapped 17.84%  ";"0";82,16;17,84;"1";4,49
"307";"9";"https://www.vlr.gg/197226/bbl-queens-vs-rebels-velvet-game-changers-2023-series-i-emea-groups-r2";"BBL Queens 62.35%  ";"Rebels Velvet 37.65%  ";"1";62,35;37,65;"1";NA
"308";"10";"https://www.vlr.gg/199377/movistar-riders-vs-aym-esports-challengers-league-spain-rising-split-2-r9";"Movistar Riders 68.21%  ";"AYM Esports 31.79%  ";"1";68,21;31,79;"1";1,43
"309";"11";"https://www.vlr.gg/199378/ucam-tokiers-vs-zeta-gaming-challengers-league-spain-rising-split-2-r9";"UCAM Tokiers 56.6%  ";"ZETA Gaming 43.4%  ";"1";56,6;43,4;"1";1,83
"310";"12";"https://www.vlr.gg/199379/falcons-vs-team-queso-challengers-league-spain-rising-split-2-r9";"Falcons 33.79%  ";"Team Queso 66.21%  ";"0";33,79;66,21;"0";NA
"311";"13";"https://www.vlr.gg/183799/cloud9-vs-furia-champions-tour-2023-americas-league-w4";"Cloud9 55.25%  ";"FURIA 44.75%  ";"1";55,25;44,75;"1";1,98
"312";"14";"https://www.vlr.gg/197253/guild-x-vs-acend-rising-game-changers-2023-series-i-emea-groups-r2";"Guild X 68.31%  ";"Acend Rising 31.69%  ";"0";68,31;31,69;"1";2,44
"313";"15";"https://www.vlr.gg/197254/ninjas-in-pyjamas-gc-vs-geekay-esports-cherry-game-changers-2023-series-i-emea-groups-r2";"Ninjas in Pyjamas Lightning 65.73%  ";"GeeKay Esports Cherry 34.27%  ";"1";65,73;34,27;"1";NA
"314";"16";"https://www.vlr.gg/197255/case-hydra-vs-team-falcons-vega-game-changers-2023-series-i-emea-groups-r2";"Case Hydra 76.09%  ";"Team Falcons Vega 23.91%  ";"1";76,09;23,91;"1";NA
"315";"17";"https://www.vlr.gg/197256/kpi-shine-vs-karmine-corp-gc-game-changers-2023-series-i-emea-groups-r2";"KPI Shine 56.36%  ";"Karmine Corp GC 43.64%  ";"0";56,36;43,64;"1";NA
"316";"18";"https://www.vlr.gg/199380/rebels-gaming-vs-case-esports-challengers-league-spain-rising-split-2-r9";"Rebels Gaming 49.87%  ";"Case Esports 50.13%  ";"0";49,87;50,13;"0";1,35
"317";"19";"https://www.vlr.gg/183800/nrg-esports-vs-kr-esports-champions-tour-2023-americas-league-w4";"NRG Esports 53.53%  ";"KRÜ Esports 46.47%  ";"1";53,53;46,47;"1";1,29
"318";"1";"https://www.vlr.gg/202388/royal-never-give-up-vs-wings-up-gaming-fgc-valorant-invitational-2023-act-2-qualifiers-ro16";"Royal Never Give Up 30.97%  ";"Wings Up Gaming 69.03%  ";"1";30,97;69,03;"0";NA
"319";"2";"https://www.vlr.gg/202389/nova-esports-vs-invictus-gaming-fgc-valorant-invitational-2023-act-2-qualifiers-ro16";"Nova Esports 63.61%  ";"Invictus Gaming 36.39%  ";"1";63,61;36,39;"1";1,4
"320";"3";"https://www.vlr.gg/193448/crest-gaming-zst-vs-crazy-raccoon-challengers-league-japan-split-2-d6";"Crest Gaming Zst 28.16%  ";"Crazy Raccoon 71.84%  ";"0";28,16;71,84;"0";1,1
"321";"4";"https://www.vlr.gg/201248/cnj-esports-vs-maru-gaming-world-cyber-games-challengers-league-korea-split-2-w3";"CNJ esports 38.32%  ";"Maru Gaming 61.68%  ";"0";38,32;61,68;"0";1,13
"322";"5";"https://www.vlr.gg/201249/slt-seongam-vs-gwangju-shadow-world-cyber-games-challengers-league-korea-split-2-w3";"SLT Seongam 54.51%  ";"Gwangju Shadow 45.49%  ";"0";54,51;45,49;"1";2,35
"323";"6";"https://www.vlr.gg/202390/kingzone-vs-kunpeng-gaming-fgc-valorant-invitational-2023-act-2-qualifiers-ro16";"Kingzone 64.26%  ";"KunPeng Gaming 35.74%  ";"1";64,26;35,74;"1";1,46
"324";"7";"https://www.vlr.gg/188364/xerxia-esports-vs-full-sense-challengers-league-thailand-split-2-w4";"XERXIA Esports 43.41%  ";"FULL SENSE 56.59%  ";"1";43,41;56,59;"0";3,44
"325";"8";"https://www.vlr.gg/193449/jadeite-vs-scarz-challengers-league-japan-split-2-d6";"Jadeite 62.34%  ";"SCARZ 37.66%  ";"0";62,34;37,66;"1";1,78
"326";"9";"https://www.vlr.gg/202370/ghetto-artist-vs-roa-challengers-league-taiwan-hong-kong-split-2-r5";"Ghetto Artist 31.78%  ";"ROA 68.22%  ";"0";31,78;68,22;"0";1,78
"327";"10";"https://www.vlr.gg/188365/team-nkt-vs-crit-esports-challengers-league-thailand-split-2-w4";"Team NKT 31.47%  ";"CRIT Esports 68.53%  ";"0";31,47;68,53;"0";1,33
"328";"11";"https://www.vlr.gg/202371/oblivion-force-vs-utt-esports-challengers-league-taiwan-hong-kong-split-2-r5";"Oblivion Force 69.14%  ";"UTT Esports 30.86%  ";"1";69,14;30,86;"1";1,34
"329";"12";"https://www.vlr.gg/197227/g2-gozen-vs-alliance-coven-game-changers-2023-series-i-emea-groups-r3";"G2 Gozen 58.67%  ";"Alliance Coven 41.33%  ";"1";58,67;41,33;"1";1,06
"330";"13";"https://www.vlr.gg/197228/fokus-sakura-vs-bbl-queens-game-changers-2023-series-i-emea-groups-r3";"FOKUS Sakura 26.84%  ";"BBL Queens 73.16%  ";"0";26,84;73,16;"0";1,21
"331";"14";"https://www.vlr.gg/197229/natus-vincere-celestials-vs-rebels-velvet-game-changers-2023-series-i-emea-groups-r3";"Natus Vincere Celestials 72.1%  ";"Rebels Velvet 27.9%  ";"0";72,1;27,9;"1";1,74
"332";"15";"https://www.vlr.gg/197230/untapped-vs-cba-game-changers-2023-series-i-emea-groups-r3";"UNtapped 29.48%  ";"CBA 70.52%  ";"0";29,48;70,52;"0";1,54
"333";"16";"https://www.vlr.gg/184042/giants-gaming-vs-team-liquid-champions-tour-2023-emea-league-w5";"Giants Gaming 68.74%  ";"Team Liquid 31.26%  ";"0";68,74;31,26;"1";1,7
"334";"17";"https://www.vlr.gg/197257/acend-rising-vs-geekay-esports-cherry-game-changers-2023-series-i-emea-groups-r3";"Acend Rising 57.25%  ";"GeeKay Esports Cherry 42.75%  ";"1";57,25;42,75;"1";1,1
"335";"18";"https://www.vlr.gg/197258/karmine-corp-gc-vs-team-falcons-vega-game-changers-2023-series-i-emea-groups-r3";"Karmine Corp GC 54.87%  ";"Team Falcons Vega 45.13%  ";"1";54,87;45,13;"1";2,11
"336";"19";"https://www.vlr.gg/197259/ninjas-in-pyjamas-gc-vs-case-hydra-game-changers-2023-series-i-emea-groups-r3";"Ninjas in Pyjamas Lightning 76.03%  ";"Case Hydra 23.97%  ";"1";76,03;23,97;"1";1,6
"337";"20";"https://www.vlr.gg/197260/kpi-shine-vs-guild-x-game-changers-2023-series-i-emea-groups-r3";"KPI Shine 20.14%  ";"Guild X 79.86%  ";"0";20,14;79,86;"0";1,11
"338";"21";"https://www.vlr.gg/193559/keyd-stars-vs-red-canids-challengers-league-brazil-split-2-w4";"Keyd Stars 48.19%  ";"RED Canids 51.81%  ";"0";48,19;51,81;"0";2,45
"339";"22";"https://www.vlr.gg/196139/oxygen-esports-vs-turtle-troop-challengers-league-north-america-w2";"Oxygen Esports 80.01%  ";"Turtle Troop 19.99%  ";"0";80,01;19,99;"1";2,43
"340";"23";"https://www.vlr.gg/202334/fusion-vs-six-karma-challengers-league-latam-north-ace-split-2-w1";"FUSION 49.01%  ";"Six Karma 50.99%  ";"1";49,01;50,99;"0";1,55
"341";"24";"https://www.vlr.gg/193560/tbk-esports-vs-liberty-challengers-league-brazil-split-2-w4";"TBK Esports 47.66%  ";"Liberty 52.34%  ";"1";47,66;52,34;"0";2,05
"342";"25";"https://www.vlr.gg/196140/g2-esports-vs-moist-moguls-challengers-league-north-america-w2";"G2 Esports 63.75%  ";"Moist Moguls 36.25%  ";"0";63,75;36,25;"1";2,57
"343";"1";"https://www.vlr.gg/189041/mvp-esports-vs-oasis-gaming-challengers-league-philippines-split-2-regular-season-w5";"MVP Esports 37.71%  ";"Oasis Gaming 62.29%  ";"0";37,71;62,29;"0";1,14
"344";"2";"https://www.vlr.gg/193271/95x-esports-vs-nerdpunt-challengers-league-oceania-split-2-group-stage-w4";"95x Esports 63.81%  ";"NerdPunt 36.19%  ";"1";63,81;36,19;"1";1,26
"345";"3";"https://www.vlr.gg/201251/nongshim-redforce-vs-dplus-esports-world-cyber-games-challengers-league-korea-split-2-w3";"Nongshim RedForce 21.43%  ";"Dplus Esports 78.57%  ";"0";21,43;78,57;"0";1,15
"346";"4";"https://www.vlr.gg/188366/team-nkt-vs-sharper-esport-challengers-league-thailand-split-2-w4";"Team NKT 37.91%  ";"Sharper Esport 62.09%  ";"1";37,91;62,09;"0";5,03
"347";"5";"https://www.vlr.gg/193451/crest-gaming-zst-vs-sengoku-gaming-challengers-league-japan-split-2-d7";"Crest Gaming Zst 40.43%  ";"Sengoku Gaming 59.57%  ";"1";40,43;59,57;"0";2,06
"348";"6";"https://www.vlr.gg/202372/anti-eco-eco-club-vs-ghost-commandos-challengers-league-taiwan-hong-kong-split-2-r5";"Anti Eco Eco Club 95.78%  ";"Ghost CommandoS 4.22%  ";"1";95,78;4,22;"1";1,08
"349";"7";"https://www.vlr.gg/193272/the-who-vs-mammoth-esc-challengers-league-oceania-split-2-group-stage-w4";"The Who? 66.5%  ";"Mammoth ESC 33.5%  ";"1";66,5;33,5;"1";1,29
"350";"8";"https://www.vlr.gg/188036/bikini-bottom-pratahouse-vs-enigma-gaming-challengers-league-malaysia-singapore-split-2-d10";"Bikini Bottom Pratahouse 56.77%  ";"Enigma Gaming 43.23%  ";"0";56,77;43,23;"1";1,16
"351";"9";"https://www.vlr.gg/189042/gamelab-alpha-vs-naos-challengers-league-philippines-split-2-regular-season-w5";"GameLab Alpha 23.91%  ";"NAOS 76.09%  ";"0";23,91;76,09;"0";1,04
"352";"10";"https://www.vlr.gg/188367/xerxia-esports-vs-made-in-thailand-challengers-league-thailand-split-2-w4";"XERXIA Esports 25.14%  ";"Made in Thailand 74.86%  ";"0";25,14;74,86;"0";1,1
"353";"11";"https://www.vlr.gg/202373/s2-esports-vs-one-team-esports-challengers-league-taiwan-hong-kong-split-2-r5";"S2 Esports 13.19%  ";"ONE Team Esports 86.81%  ";"0";13,19;86,81;"0";1,12
"354";"12";"https://www.vlr.gg/202395/number-one-player-vs-odg-fgc-valorant-invitational-2023-act-2-qualifiers-ro16";"Number One Player 71.82%  ";"ODG 28.18%  ";"1";71,82;28,18;"1";NA
"355";"13";"https://www.vlr.gg/188037/kizuna-esports-vs-x10-esports-challengers-league-malaysia-singapore-split-2-d10";"Kizuna Esports 44.47%  ";"X10 Esports 55.53%  ";"1";44,47;55,53;"0";2,13
"356";"14";"https://www.vlr.gg/184043/bbl-esports-vs-team-heretics-champions-tour-2023-emea-league-w5";"BBL Esports 32.88%  ";"Team Heretics 67.12%  ";"1";32,88;67,12;"0";1,62
"357";"15";"https://www.vlr.gg/193561/oddik-vs-00nation-challengers-league-brazil-split-2-w4";"ODDIK 37.94%  ";"00Nation 62.06%  ";"0";37,94;62,06;"0";1,68
"358";"16";"https://www.vlr.gg/196141/the-guard-vs-oresports-challengers-league-north-america-w2";"The Guard 56.91%  ";"OREsports 43.09%  ";"1";56,91;43,09;"1";1,09
"359";"17";"https://www.vlr.gg/202353/ebro-gaming-vs-all-knights-challengers-league-latam-south-fire-split-2-w1";"EBRO Gaming 31.43%  ";"All Knights 68.57%  ";"0";31,43;68,57;"0";4,11
"360";"18";"https://www.vlr.gg/202337/six-karma-vs-skull-cracker-challengers-league-latam-north-ace-split-2-w1";"Six Karma 82.22%  ";"Skull Cracker 17.78%  ";"1";82,22;17,78;"1";1,35
"361";"19";"https://www.vlr.gg/196142/shopify-rebellion-vs-disguised-challengers-league-north-america-w2";"Shopify Rebellion 31.65%  ";"Disguised 68.35%  ";"1";31,65;68,35;"0";1,99
"362";"1";"https://www.vlr.gg/202396/royal-never-give-up-vs-nova-esports-fgc-valorant-invitational-2023-act-2-qualifiers-qf";"Royal Never Give Up 77.17%  ";"Nova Esports 22.83%  ";"1";77,17;22,83;"1";NA
"363";"2";"https://www.vlr.gg/193452/jadeite-vs-igzist-challengers-league-japan-split-2-d8";"Jadeite 53.19%  ";"IGZIST 46.81%  ";"1";53,19;46,81;"1";1,07
"364";"3";"https://www.vlr.gg/201252/cnj-esports-vs-slt-seongam-world-cyber-games-challengers-league-korea-split-2-w3";"CNJ esports 33.58%  ";"SLT Seongam 66.42%  ";"0";33,58;66,42;"0";1,1
"365";"4";"https://www.vlr.gg/189043/zol-esports-vs-stream-raiders-nacague-challengers-league-philippines-split-2-regular-season-w5";"ZOL Esports 43.28%  ";"Stream Raiders Nacague 56.72%  ";"1";43,28;56,72;"0";1,44
"366";"5";"https://www.vlr.gg/193273/guangzhou-long-lionz-vs-xyz-challengers-league-oceania-split-2-group-stage-w4";"Guangzhou Long Lionz 44.97%  ";"xyz 55.03%  ";"1";44,97;55,03;"0";1,85
"367";"6";"https://www.vlr.gg/201253/maru-gaming-vs-gwangju-shadow-world-cyber-games-challengers-league-korea-split-2-w3";"Maru Gaming 50.56%  ";"Gwangju Shadow 49.44%  ";"1";50,56;49,44;"1";1,61
"368";"7";"https://www.vlr.gg/188368/full-sense-vs-the-infinity-esport-challengers-league-thailand-split-2-w4";"FULL SENSE 78.22%  ";"The Infinity Esport 21.78%  ";"1";78,22;21,78;"1";1,06
"369";"8";"https://www.vlr.gg/193453/northeption-vs-scarz-challengers-league-japan-split-2-d8";"NORTHEPTION 57.53%  ";"SCARZ 42.47%  ";"0";57,53;42,47;"1";1,31
"370";"9";"https://www.vlr.gg/202374/roa-vs-anti-eco-eco-club-challengers-league-taiwan-hong-kong-split-2-r5";"ROA 20.67%  ";"Anti Eco Eco Club 79.33%  ";"0";20,67;79,33;"0";1,23
"371";"10";"https://www.vlr.gg/193274/koopa-troopas-vs-funcrew-challengers-league-oceania-split-2-group-stage-w4";"Koopa Troopas 39.12%  ";"Funcrew 60.88%  ";"0";39,12;60,88;"0";1,17
"372";"11";"https://www.vlr.gg/188038/bleed-vs-louvre-challengers-league-malaysia-singapore-split-2-d11";"BLEED 85.08%  ";"Louvre 14.92%  ";"1";85,08;14,92;"1";1,03
"373";"12";"https://www.vlr.gg/189044/gamelab-alpha-vs-action-ph-challengers-league-philippines-split-2-regular-season-w5";"GameLab Alpha 31.98%  ";"Action PH 68.02%  ";"0";31,98;68,02;"0";1,53
"374";"13";"https://www.vlr.gg/188369/crit-esports-vs-attack-all-around-challengers-league-thailand-split-2-w4";"CRIT Esports 45.58%  ";"Attack All Around 54.42%  ";"1";45,58;54,42;"0";2,28
"375";"14";"https://www.vlr.gg/202375/ghetto-artist-vs-oblivion-force-challengers-league-taiwan-hong-kong-split-2-r5";"Ghetto Artist 21.04%  ";"Oblivion Force 78.96%  ";"0";21,04;78,96;"0";1,07
"376";"15";"https://www.vlr.gg/202399/newhappy-esports-vs-number-one-player-fgc-valorant-invitational-2023-act-2-qualifiers-qf";"NewHappy Esports 33.12%  ";"Number One Player 66.88%  ";"1";33,12;66,88;"0";NA
"377";"16";"https://www.vlr.gg/188039/todak-vs-enigma-gaming-challengers-league-malaysia-singapore-split-2-d11";"Todak 72.33%  ";"Enigma Gaming 27.67%  ";"0";72,33;27,67;"1";1,22
"378";"17";"https://www.vlr.gg/184045/fut-esports-vs-fnatic-champions-tour-2023-emea-league-w5";"FUT Esports 39.58%  ";"FNATIC 60.42%  ";"0";39,58;60,42;"0";1,12
"379";"18";"https://www.vlr.gg/202354/9z-team-vs-furious-gaming-challengers-league-latam-south-fire-split-2-w1";"9z Team 62.48%  ";"Furious Gaming 37.52%  ";"1";62,48;37,52;"1";1,07
"380";"19";"https://www.vlr.gg/184046/team-vitality-vs-natus-vincere-champions-tour-2023-emea-league-w5";"Team Vitality 27.46%  ";"Natus Vincere 72.54%  ";"0";27,46;72,54;"0";1,39
"381";"20";"https://www.vlr.gg/196143/m80-vs-tsm-challengers-league-north-america-w2";"M80 54.08%  ";"TSM 45.92%  ";"1";54,08;45,92;"1";1,27
"382";"21";"https://www.vlr.gg/202355/infinity-vs-ebro-gaming-challengers-league-latam-south-fire-split-2-w1";"INFINITY 71.83%  ";"EBRO Gaming 28.17%  ";"1";71,83;28,17;"1";1,3
"383";"22";"https://www.vlr.gg/196144/faze-clan-vs-mad-lions-challengers-league-north-america-w2";"FaZe Clan 37.17%  ";"MAD Lions 62.83%  ";"1";37,17;62,83;"0";1,47
"384";"23";"https://www.vlr.gg/202356/all-knights-vs-optix-challengers-league-latam-south-fire-split-2-w1";"All Knights 64.76%  ";"Optix 35.24%  ";"1";64,76;35,24;"1";1,35
"385";"1";"https://www.vlr.gg/184482/t1-vs-detonation-focusme-champions-tour-2023-pacific-league-w6";"T1 52.38%  ";"DetonatioN FocusMe 47.62%  ";"1";52,38;47,62;"1";1,09
"386";"2";"https://www.vlr.gg/202400/royal-never-give-up-vs-kingzone-fgc-valorant-invitational-2023-act-2-qualifiers-ubsf";"Royal Never Give Up 69.36%  ";"Kingzone 30.64%  ";"1";69,36;30,64;"1";NA
"387";"3";"https://www.vlr.gg/184483/zeta-division-vs-team-secret-champions-tour-2023-pacific-league-w6";"ZETA DIVISION 33.45%  ";"Team Secret 66.55%  ";"1";33,45;66,55;"0";1,96
"388";"4";"https://www.vlr.gg/202401/four-angry-men-vs-newhappy-esports-fgc-valorant-invitational-2023-act-2-qualifiers-ubsf";"Four Angry Men 71.19%  ";"NewHappy Esports 28.81%  ";"1";71,19;28,81;"1";NA
"389";"5";"https://www.vlr.gg/188486/panthers-esports-vs-team-vikings-challengers-league-portugal-tempest-split-2-regular-season-r9";"Panthers Esports 52.79%  ";"Team Vikings 47.21%  ";"0";52,79;47,21;"1";2,19
"390";"6";"https://www.vlr.gg/189082/fire-flux-esports-vs-stanbul-wildcats-challengers-league-turkey-birlik-split-2-group-stage-w4";"Fire Flux Esports 71.16%  ";"İstanbul Wildcats 28.84%  ";"1";71,16;28,84;"1";1,1
"391";"7";"https://www.vlr.gg/204031/medal-esports-vs-true-rippers-challengers-league-south-asia-split-2-w1";"Medal Esports 56.92%  ";"True Rippers 43.08%  ";"0";56,92;43,08;"1";2,45
"392";"8";"https://www.vlr.gg/188487/saw-vs-impulse-gw-challengers-league-portugal-tempest-split-2-regular-season-r9";"SAW 72.44%  ";"Impulse GW 27.56%  ";"1";72,44;27,56;"1";1,08
"393";"9";"https://www.vlr.gg/188543/mouz-vs-cgn-esports-challengers-league-dach-evolution-split-2-r6";"MOUZ 54.79%  ";"CGN Esports 45.21%  ";"1";54,79;45,21;"1";2,11
"394";"10";"https://www.vlr.gg/189575/anonymo-esports-vs-gonext-esports-challengers-league-east-surge-split-2-r9";"Anonymo Esports 65.86%  ";"GONext Esports 34.14%  ";"1";65,86;34,14;"1";1,52
"395";"11";"https://www.vlr.gg/188488/ftw-esports-vs-gtz-esports-challengers-league-portugal-tempest-split-2-regular-season-r9";"FTW Esports 14.88%  ";"GTZ Esports 85.12%  ";"0";14,88;85,12;"0";1,1
"396";"12";"https://www.vlr.gg/189576/b8-esports-vs-nom-esports-challengers-league-east-surge-split-2-r9";"B8 Esports 39.56%  ";"NOM Esports 60.44%  ";"0";39,56;60,44;"0";1,32
"397";"13";"https://www.vlr.gg/194154/zerance-vs-blx-utd-challengers-league-france-revolution-split-2-w4";"Zerance 33.9%  ";"BLX UTD 66.1%  ";"1";33,9;66,1;"0";1,39
"398";"14";"https://www.vlr.gg/188489/ex0tik-gaming-vs-egn-esports-challengers-league-portugal-tempest-split-2-regular-season-r9";"EX0TIK GAMING 23.09%  ";"EGN Esports 76.91%  ";"1";23,09;76,91;"0";2,05
"399";"15";"https://www.vlr.gg/188544/angry-titans-vs-alternate-attax-challengers-league-dach-evolution-split-2-r6";"Angry Titans 36.95%  ";"ALTERNATE aTTaX 63.05%  ";"0";36,95;63,05;"0";4,42
"400";"16";"https://www.vlr.gg/189577/zero-tenacity-vs-enterprise-esports-challengers-league-east-surge-split-2-r9";"Zero Tenacity 34.48%  ";"Enterprise Esports 65.52%  ";"0";34,48;65,52;"0";1,57
"401";"17";"https://www.vlr.gg/194155/gentle-mates-vs-wylde-challengers-league-france-revolution-split-2-w4";"Gentle Mates 63%  ";"WYLDE 37%  ";"0";63;37;"1";3,44
"402";"18";"https://www.vlr.gg/189083/galakticos-vs-s2g-esports-challengers-league-turkey-birlik-split-2-group-stage-w4";"Galakticos 22.25%  ";"S2G Esports 77.75%  ";"1";22,25;77,75;"0";4,74
"403";"19";"https://www.vlr.gg/188411/gmt-esports-vs-dsyre-challengers-league-italy-rinascimento-split-2-w5";"GMT Esports 39.06%  ";"DSYRE 60.94%  ";"1";39,06;60,94;"0";2,17
"404";"20";"https://www.vlr.gg/194156/joblife-vs-3dmax-challengers-league-france-revolution-split-2-w4";"Joblife 47.14%  ";"3DMAX 52.86%  ";"0";47,14;52,86;"0";5,1
"405";"21";"https://www.vlr.gg/183801/nrg-esports-vs-100-thieves-champions-tour-2023-americas-league-w5";"NRG Esports 29.05%  ";"100 Thieves 70.95%  ";"1";29,05;70,95;"0";1,76
"406";"22";"https://www.vlr.gg/188412/outplayed-vs-qlash-challengers-league-italy-rinascimento-split-2-w5";"Outplayed 29.52%  ";"QLASH 70.48%  ";"1";29,52;70,48;"0";4,74
"407";"23";"https://www.vlr.gg/189579/diamant-esports-vs-rapid-ninjas-challengers-league-east-surge-split-2-r9";"Diamant Esports 62.9%  ";"Rapid Ninjas 37.1%  ";"1";62,9;37,1;"1";1,22
"408";"24";"https://www.vlr.gg/194157/solary-vs-mandatory-challengers-league-france-revolution-split-2-w4";"Solary 67.83%  ";"Mandatory 32.17%  ";"0";67,83;32,17;"1";1,57
"409";"25";"https://www.vlr.gg/188413/axolotl-vs-macko-esports-challengers-league-italy-rinascimento-split-2-w5";"Axolotl 30.64%  ";"Macko Esports 69.36%  ";"1";30,64;69,36;"0";3,32
"410";"26";"https://www.vlr.gg/194158/valiant-vs-akroma-challengers-league-france-revolution-split-2-w4";"VALIANT 72.39%  ";"Akroma 27.61%  ";"1";72,39;27,61;"1";1,35
"411";"27";"https://www.vlr.gg/183802/mibr-vs-furia-champions-tour-2023-americas-league-w5";"MIBR 43.91%  ";"FURIA 56.09%  ";"0";43,91;56,09;"0";1,41
"412";"1";"https://www.vlr.gg/202402/kingzone-vs-newhappy-esports-fgc-valorant-invitational-2023-act-2-qualifiers-decider";"Kingzone 68.02%  ";"NewHappy Esports 31.98%  ";"1";68,02;31,98;"1";1,32
"413";"2";"https://www.vlr.gg/184484/global-esports-vs-gen-g-champions-tour-2023-pacific-league-w6";"Global Esports 63.02%  ";"Gen.G 36.98%  ";"1";63,02;36,98;"1";4,97
"414";"3";"https://www.vlr.gg/184485/rex-regum-qeon-vs-drx-champions-tour-2023-pacific-league-w6";"Rex Regum Qeon 34.6%  ";"DRX 65.4%  ";"0";34,6;65,4;"0";1,04
"415";"4";"https://www.vlr.gg/188490/ftw-esports-vs-panthers-esports-challengers-league-portugal-tempest-split-2-regular-season-r10";"FTW Esports 66.49%  ";"Panthers Esports 33.51%  ";"0";66,49;33,51;"1";1,7
"416";"5";"https://www.vlr.gg/189084/digital-athletics-vs-papara-supermassive-challengers-league-turkey-birlik-split-2-group-stage-w4";"Digital Athletics 44.96%  ";"Papara SuperMassive 55.04%  ";"0";44,96;55,04;"0";1,79
"417";"6";"https://www.vlr.gg/204032/mlt-esports-vs-revenant-esports-challengers-league-south-asia-split-2-w1";"MLT Esports 56.24%  ";"Revenant Esports 43.76%  ";"0";56,24;43,76;"1";1,26
"418";"7";"https://www.vlr.gg/188491/ex0tik-gaming-vs-gtz-esports-challengers-league-portugal-tempest-split-2-regular-season-r10";"EX0TIK GAMING 10.75%  ";"GTZ Esports 89.25%  ";"0";10,75;89,25;"0";1,31
"419";"8";"https://www.vlr.gg/189580/acend-vs-diamant-esports-challengers-league-east-surge-split-2-r10";"Acend 65.7%  ";"Diamant Esports 34.3%  ";"1";65,7;34,3;"1";1,63
"420";"9";"https://www.vlr.gg/188492/saw-vs-egn-esports-challengers-league-portugal-tempest-split-2-regular-season-r10";"SAW 64.39%  ";"EGN Esports 35.61%  ";"1";64,39;35,61;"1";1,17
"421";"10";"https://www.vlr.gg/189581/gonext-esports-vs-zero-tenacity-challengers-league-east-surge-split-2-r10";"GONext Esports 66.03%  ";"Zero Tenacity 33.97%  ";"1";66,03;33,97;"1";2,41
"422";"11";"https://www.vlr.gg/194159/3dmax-vs-wylde-challengers-league-france-revolution-split-2-w4";"3DMAX 42.31%  ";"WYLDE 57.69%  ";"0";42,31;57,69;"0";1,4
"423";"12";"https://www.vlr.gg/188414/gmt-esports-vs-wlgaming-esports-challengers-league-italy-rinascimento-split-2-w5";"GMT Esports 70.47%  ";"WLGaming Esports 29.53%  ";"0";70,47;29,53;"1";5,19
"424";"13";"https://www.vlr.gg/188493/team-vikings-vs-impulse-gw-challengers-league-portugal-tempest-split-2-regular-season-r10";"Team Vikings 46.21%  ";"Impulse GW 53.79%  ";"1";46,21;53,79;"0";2,52
"425";"14";"https://www.vlr.gg/188546/ovation-esports-vs-aex-1-challengers-league-dach-evolution-split-2-r6";"Ovation eSports 82%  ";"AEX-1 18%  ";"1";82;1;"1";2,35
"426";"15";"https://www.vlr.gg/194160/valiant-vs-blx-utd-challengers-league-france-revolution-split-2-w4";"VALIANT 72.93%  ";"BLX UTD 27.07%  ";"0";72,93;27,07;"1";4,44
"427";"16";"https://www.vlr.gg/189085/galatasaray-esports-vs-fenerbah-e-esports-challengers-league-turkey-birlik-split-2-group-stage-w";"Galatasaray Esports 74.79%  ";"Fenerbahçe Esports 25.21%  ";"0";74,79;25,21;"1";2,4
"428";"17";"https://www.vlr.gg/188415/macko-esports-vs-hmble-challengers-league-italy-rinascimento-split-2-w5";"Macko Esports 42.95%  ";"HMBLE 57.05%  ";"1";42,95;57,05;"0";1,41
"429";"18";"https://www.vlr.gg/189583/nom-esports-vs-anonymo-esports-challengers-league-east-surge-split-2-r10";"NOM Esports 52.49%  ";"Anonymo Esports 47.51%  ";"0";52,49;47,51;"1";1,67
"430";"19";"https://www.vlr.gg/194161/joblife-vs-mandatory-challengers-league-france-revolution-split-2-w4";"Joblife 33.64%  ";"Mandatory 66.36%  ";"0";33,64;66,36;"0";1,83
"431";"20";"https://www.vlr.gg/183803/cloud9-vs-sentinels-champions-tour-2023-americas-league-w5";"Cloud9 43.42%  ";"Sentinels 56.58%  ";"1";43,42;56,58;"0";2,02
"432";"21";"https://www.vlr.gg/188416/qlash-vs-dsyre-challengers-league-italy-rinascimento-split-2-w5";"QLASH 23.19%  ";"DSYRE 76.81%  ";"1";23,19;76,81;"0";2,07
"433";"22";"https://www.vlr.gg/189584/enterprise-esports-vs-rapid-ninjas-challengers-league-east-surge-split-2-r10";"Enterprise Esports 49.28%  ";"Rapid Ninjas 50.72%  ";"1";49,28;50,72;"0";1,89
"434";"23";"https://www.vlr.gg/194162/gentle-mates-vs-zerance-challengers-league-france-revolution-split-2-w4";"Gentle Mates 70.97%  ";"Zerance 29.03%  ";"1";70,97;29,03;"1";1,29
"435";"24";"https://www.vlr.gg/188417/outplayed-vs-axolotl-challengers-league-italy-rinascimento-split-2-w5";"Outplayed 45.06%  ";"Axolotl 54.94%  ";"0";45,06;54,94;"0";1,56
"436";"25";"https://www.vlr.gg/194163/solary-vs-akroma-challengers-league-france-revolution-split-2-w4";"Solary 75.69%  ";"Akroma 24.31%  ";"1";75,69;24,31;"1";1,27
"437";"26";"https://www.vlr.gg/183804/leviat-n-vs-evil-geniuses-champions-tour-2023-americas-league-w5";"Leviatán 69.57%  ";"Evil Geniuses 30.43%  ";"0";69,57;30,43;"1";3,58
"438";"1";"https://www.vlr.gg/184486/talon-esports-vs-paper-rex-champions-tour-2023-pacific-league-w6";"Talon Esports 16.29%  ";"Paper Rex 83.71%  ";"0";16,29;83,71;"0";1,19
"439";"2";"https://www.vlr.gg/204033/gods-reign-vs-godlike-esports-challengers-league-south-asia-split-2-w1";"Gods Reign 72.03%  ";"GodLike Esports 27.97%  ";"1";72,03;27,97;"1";1,08
"440";"3";"https://www.vlr.gg/203625/aym-esports-vs-falcons-challengers-league-spain-rising-split-2-r10";"AYM Esports 27.13%  ";"Falcons 72.87%  ";"0";27,13;72,87;"0";NA
"441";"4";"https://www.vlr.gg/188574/les-petits-bouffons-vs-vamonos-challengers-league-northern-europe-polaris-split-2-r5";"Les Petits Bouffons 74.54%  ";"VAMONOS 25.46%  ";"1";74,54;25,46;"1";1,1
"442";"5";"https://www.vlr.gg/197261/guild-x-vs-team-falcons-vega-game-changers-2023-series-i-emea-groups-r4";"Guild X 76.82%  ";"Team Falcons Vega 23.18%  ";"1";76,82;23,18;"1";1,08
"443";"6";"https://www.vlr.gg/197262/geekay-esports-cherry-vs-case-hydra-game-changers-2023-series-i-emea-groups-r4";"GeeKay Esports Cherry 49.9%  ";"Case Hydra 50.1%  ";"0";49,9;50,1;"0";1,25
"444";"7";"https://www.vlr.gg/197263/kpi-shine-vs-acend-rising-game-changers-2023-series-i-emea-groups-r4";"KPI Shine 22.7%  ";"Acend Rising 77.3%  ";"0";22,7;77,3;"0";1,12
"445";"8";"https://www.vlr.gg/197264/karmine-corp-gc-vs-ninjas-in-pyjamas-gc-game-changers-2023-series-i-emea-groups-r4";"Karmine Corp GC 32.57%  ";"Ninjas in Pyjamas Lightning 67.43%  ";"0";32,57;67,43;"0";NA
"446";"9";"https://www.vlr.gg/203626/kpi-gaming-vs-rebels-gaming-challengers-league-spain-rising-split-2-r10";"KPI Gaming 60.36%  ";"Rebels Gaming 39.64%  ";"1";60,36;39,64;"1";1,58
"447";"10";"https://www.vlr.gg/203627/movistar-riders-vs-zeta-gaming-challengers-league-spain-rising-split-2-r10";"Movistar Riders 46.8%  ";"ZETA Gaming 53.2%  ";"1";46,8;53,2;"0";2,61
"448";"11";"https://www.vlr.gg/189086/thunderbolts-gaming-vs-fire-flux-esports-challengers-league-turkey-birlik-split-2-group-stage-w4";"Thunderbolts Gaming 21.1%  ";"Fire Flux Esports 78.9%  ";"0";21,1;78,9;"0";1,15
"449";"12";"https://www.vlr.gg/203628/team-queso-vs-case-esports-challengers-league-spain-rising-split-2-r10";"Team Queso 67.53%  ";"Case Esports 32.47%  ";"0";67,53;32,47;"1";2,54
"450";"13";"https://www.vlr.gg/183805/loud-vs-kr-esports-champions-tour-2023-americas-league-w5";"LOUD 53.03%  ";"KRÜ Esports 46.97%  ";"1";53,03;46,97;"1";1,07
"451";"14";"https://www.vlr.gg/188575/apeks-vs-fokus-challengers-league-northern-europe-polaris-split-2-r5";"Apeks 35.3%  ";"FOKUS 64.7%  ";"1";35,3;64,7;"0";1,5
"452";"15";"https://www.vlr.gg/197231/g2-gozen-vs-bbl-queens-game-changers-2023-series-i-emea-groups-r4";"G2 Gozen 55.31%  ";"BBL Queens 44.69%  ";"0";55,31;44,69;"1";5,65
"453";"16";"https://www.vlr.gg/197233/alliance-coven-vs-cba-game-changers-2023-series-i-emea-groups-r4";"Alliance Coven 43.97%  ";"CBA 56.03%  ";"1";43,97;56,03;"0";2,22
"454";"17";"https://www.vlr.gg/197234/fokus-sakura-vs-natus-vincere-celestials-game-changers-2023-series-i-emea-groups-r4";"FOKUS Sakura 19.92%  ";"Natus Vincere Celestials 80.08%  ";"0";19,92;80,08;"0";NA
"455";"18";"https://www.vlr.gg/203629/ucam-tokiers-vs-ramboot-club-challengers-league-spain-rising-split-2-r10";"UCAM Tokiers 42.76%  ";"Ramboot Club 57.24%  ";"0";42,76;57,24;"0";2,29
"456";"1";"https://www.vlr.gg/188040/teo-teo-teo-vs-x10-esports-challengers-league-malaysia-singapore-split-2-d12";"Teo Teo Teo 43.79%  ";"X10 Esports 56.21%  ";"0";43,79;56,21;"0";1,32
"457";"2";"https://www.vlr.gg/202377/one-team-esports-vs-utt-esports-challengers-league-taiwan-hong-kong-split-2-r6";"ONE Team Esports 84.43%  ";"UTT Esports 15.57%  ";"1";84,43;15,57;"1";1,12
"458";"3";"https://www.vlr.gg/188041/bikini-bottom-pratahouse-vs-kizuna-esports-challengers-league-malaysia-singapore-split-2-d12";"Bikini Bottom Pratahouse 26.59%  ";"Kizuna Esports 73.41%  ";"0";26,59;73,41;"0";1,22
"459";"4";"https://www.vlr.gg/203630/aym-esports-vs-case-esports-challengers-league-spain-rising-split-2-r11";"AYM Esports 31.67%  ";"Case Esports 68.33%  ";"0";31,67;68,33;"0";1,17
"460";"5";"https://www.vlr.gg/197266/guild-x-vs-ninjas-in-pyjamas-gc-game-changers-2023-series-i-emea-groups-r5";"Guild X 69.13%  ";"Ninjas in Pyjamas Lightning 30.87%  ";"1";69,13;30,87;"1";1,36
"461";"6";"https://www.vlr.gg/197267/team-falcons-vega-vs-acend-rising-game-changers-2023-series-i-emea-groups-r5";"Team Falcons Vega 24.15%  ";"Acend Rising 75.85%  ";"0";24,15;75,85;"0";1,12
"462";"7";"https://www.vlr.gg/197268/geekay-esports-cherry-vs-kpi-shine-game-changers-2023-series-i-emea-groups-r5";"GeeKay Esports Cherry 67.51%  ";"KPI Shine 32.49%  ";"0";67,51;32,49;"1";2,16
"463";"8";"https://www.vlr.gg/197269/case-hydra-vs-karmine-corp-gc-game-changers-2023-series-i-emea-groups-r5";"Case Hydra 45.35%  ";"Karmine Corp GC 54.65%  ";"0";45,35;54,65;"0";2,43
"464";"9";"https://www.vlr.gg/203631/movistar-riders-vs-falcons-challengers-league-spain-rising-split-2-r11";"Movistar Riders 47.59%  ";"Falcons 52.41%  ";"0";47,59;52,41;"0";2,05
"465";"10";"https://www.vlr.gg/203632/kpi-gaming-vs-team-queso-challengers-league-spain-rising-split-2-r11";"KPI Gaming 60.68%  ";"Team Queso 39.32%  ";"1";60,68;39,32;"1";2,75
"466";"11";"https://www.vlr.gg/203633/zeta-gaming-vs-ramboot-club-challengers-league-spain-rising-split-2-r11";"ZETA Gaming 36.53%  ";"Ramboot Club 63.47%  ";"0";36,53;63,47;"0";1,99
"467";"12";"https://www.vlr.gg/188577/emasters-vs-who-cars-challengers-league-northern-europe-polaris-split-2-r5";"eMasters 39.24%  ";"who cars? 60.76%  ";"0";39,24;60,76;"0";1,3
"468";"13";"https://www.vlr.gg/197235/fokus-sakura-vs-rebels-velvet-game-changers-2023-series-i-emea-groups-r5";"FOKUS Sakura 34.1%  ";"Rebels Velvet 65.9%  ";"0";34,1;65,9;"0";1,11
"469";"14";"https://www.vlr.gg/197236/bbl-queens-vs-cba-game-changers-2023-series-i-emea-groups-r5";"BBL Queens 51.45%  ";"CBA 48.55%  ";"1";51,45;48,55;"1";1,13
"470";"15";"https://www.vlr.gg/197237/untapped-vs-alliance-coven-game-changers-2023-series-i-emea-groups-r5";"UNtapped 29.34%  ";"Alliance Coven 70.66%  ";"1";29,34;70,66;"0";3,28
"471";"16";"https://www.vlr.gg/197238/natus-vincere-celestials-vs-g2-gozen-game-changers-2023-series-i-emea-groups-r5";"Natus Vincere Celestials 58.33%  ";"G2 Gozen 41.67%  ";"0";58,33;41,67;"1";1,16
"472";"17";"https://www.vlr.gg/203634/ucam-tokiers-vs-rebels-gaming-challengers-league-spain-rising-split-2-r11";"UCAM Tokiers 52.22%  ";"Rebels Gaming 47.78%  ";"1";52,22;47,78;"1";1,76
"473";"18";"https://www.vlr.gg/202339/e-xolos-lazer-vs-fusion-challengers-league-latam-north-ace-split-2-w2";"E-Xolos LAZER 56%  ";"FUSION 44%  ";"0";56;44;"1";1,25
"474";"19";"https://www.vlr.gg/193454/jadeite-vs-crazy-raccoon-challengers-league-japan-split-2-d9";"Jadeite 42.01%  ";"Crazy Raccoon 57.99%  ";"1";42,01;57,99;"0";2,16
"475";"1";"https://www.vlr.gg/193455/crest-gaming-zst-vs-igzist-challengers-league-japan-split-2-d9";"Crest Gaming Zst 34.75%  ";"IGZIST 65.25%  ";"1";34,75;65,25;"0";1,27
"476";"2";"https://www.vlr.gg/193456/northeption-vs-sengoku-gaming-challengers-league-japan-split-2-d9";"NORTHEPTION 53.85%  ";"Sengoku Gaming 46.15%  ";"1";53,85;46,15;"1";1,21
"477";"3";"https://www.vlr.gg/201256/gwangju-shadow-vs-cnj-esports-world-cyber-games-challengers-league-korea-split-2-w4";"Gwangju Shadow 75.45%  ";"CNJ esports 24.55%  ";"1";75,45;24,55;"1";NA
"478";"4";"https://www.vlr.gg/189045/mvp-esports-vs-gamelab-alpha-challengers-league-philippines-split-2-regular-season-w6";"MVP Esports 45.17%  ";"GameLab Alpha 54.83%  ";"0";45,17;54,83;"0";1,74
"479";"5";"https://www.vlr.gg/204411/attacking-soul-esports-vs-royal-never-give-up-fgc-valorant-invitational-2023-act-2-opening-a";"Attacking Soul Esports 59.11%  ";"Royal Never Give Up 40.89%  ";"1";59,11;40,89;"1";NA
"480";"6";"https://www.vlr.gg/193457/fennel-vs-scarz-challengers-league-japan-split-2-d9";"FENNEL 68.05%  ";"SCARZ 31.95%  ";"0";68,05;31,95;"1";1,6
"481";"7";"https://www.vlr.gg/201257/maru-gaming-vs-slt-seongam-world-cyber-games-challengers-league-korea-split-2-w4";"Maru Gaming 32.14%  ";"SLT Seongam 67.86%  ";"1";32,14;67,86;"0";1,37
"482";"8";"https://www.vlr.gg/202378/ghost-commandos-vs-roa-challengers-league-taiwan-hong-kong-split-2-r6";"Ghost CommandoS 11.28%  ";"ROA 88.72%  ";"0";11,28;88,72;"0";NA
"483";"9";"https://www.vlr.gg/188042/bleed-vs-enigma-gaming-challengers-league-malaysia-singapore-split-2-d13";"BLEED 81.65%  ";"Enigma Gaming 18.35%  ";"1";81,65;18,35;"1";1,46
"484";"10";"https://www.vlr.gg/189046/zol-esports-vs-action-ph-challengers-league-philippines-split-2-regular-season-w6";"ZOL Esports 27.07%  ";"Action PH 72.93%  ";"0";27,07;72,93;"0";1,25
"485";"11";"https://www.vlr.gg/202379/anti-eco-eco-club-vs-oblivion-force-challengers-league-taiwan-hong-kong-split-2-r6";"Anti Eco Eco Club 47.07%  ";"Oblivion Force 52.93%  ";"1";47,07;52,93;"0";NA
"486";"12";"https://www.vlr.gg/204412/bilibili-gaming-vs-douyu-gaming-fgc-valorant-invitational-2023-act-2-opening-a";"Bilibili Gaming 69.43%  ";"Douyu Gaming 30.57%  ";"1";69,43;30,57;"1";NA
"487";"13";"https://www.vlr.gg/188043/louvre-vs-x10-esports-challengers-league-malaysia-singapore-split-2-d13";"Louvre 9.47%  ";"X10 Esports 90.53%  ";"0";9,47;90,53;"0";1,02
"488";"14";"https://www.vlr.gg/204036/reckoning-esports-vs-orangutan-challengers-league-south-asia-split-2-w2";"Reckoning Esports 24.87%  ";"Orangutan 75.13%  ";"0";24,87;75,13;"0";1,22
"489";"15";"https://www.vlr.gg/184047/team-vitality-vs-fnatic-champions-tour-2023-emea-league-w6";"Team Vitality 40.02%  ";"FNATIC 59.98%  ";"0";40,02;59,98;"0";1,09
"490";"16";"https://www.vlr.gg/193563/the-union-vs-oddik-challengers-league-brazil-split-2-w5";"The Union 34.39%  ";"ODDIK 65.61%  ";"1";34,39;65,61;"0";1,36
"491";"17";"https://www.vlr.gg/196145/disguised-vs-turtle-troop-challengers-league-north-america-w3";"Disguised 75.59%  ";"Turtle Troop 24.41%  ";"0";75,59;24,41;"1";1,76
"492";"18";"https://www.vlr.gg/202341/fusion-vs-skull-cracker-challengers-league-latam-north-ace-split-2-w2";"FUSION 77.24%  ";"Skull Cracker 22.76%  ";"1";77,24;22,76;"1";1,2
"493";"19";"https://www.vlr.gg/196146/faze-clan-vs-oresports-challengers-league-north-america-w3";"FaZe Clan 43.5%  ";"OREsports 56.5%  ";"1";43,5;56,5;"0";1,72
"494";"20";"https://www.vlr.gg/202342/19esports-vs-six-karma-challengers-league-latam-north-ace-split-2-w2";"19esports 35.81%  ";"Six Karma 64.19%  ";"0";35,81;64,19;"0";1,56
"495";"21";"https://www.vlr.gg/193458/jadeite-vs-sengoku-gaming-challengers-league-japan-split-2-d10";"Jadeite 61.05%  ";"Sengoku Gaming 38.95%  ";"1";61,05;38,95;"1";1,13
"496";"1";"https://www.vlr.gg/193459/scarz-vs-crazy-raccoon-challengers-league-japan-split-2-d10";"SCARZ 22.61%  ";"Crazy Raccoon 77.39%  ";"0";22,61;77,39;"0";2,33
"497";"2";"https://www.vlr.gg/193460/crest-gaming-zst-vs-fennel-challengers-league-japan-split-2-d10";"Crest Gaming Zst 20.65%  ";"FENNEL 79.35%  ";"0";20,65;79,35;"0";1,19
"498";"3";"https://www.vlr.gg/189047/rambutan-ni-tatay-vs-oasis-gaming-challengers-league-philippines-split-2-regular-season-w6";"Rambutan ni Tatay 26.09%  ";"Oasis Gaming 73.91%  ";"0";26,09;73,91;"0";1,06
"499";"4";"https://www.vlr.gg/193275/koopa-troopas-vs-nerdpunt-challengers-league-oceania-split-2-group-stage-w5";"Koopa Troopas 30.37%  ";"NerdPunt 69.63%  ";"0";30,37;69,63;"0";1,15
"500";"5";"https://www.vlr.gg/204416/edward-gaming-vs-four-angry-men-fgc-valorant-invitational-2023-act-2-opening-b";"EDward Gaming 82.34%  ";"Four Angry Men 17.66%  ";"1";82,34;17,66;"1";NA
"501";"6";"https://www.vlr.gg/188370/crit-esports-vs-xerxia-esports-challengers-league-thailand-split-2-w5";"CRIT Esports 42.31%  ";"XERXIA Esports 57.69%  ";"0";42,31;57,69;"0";2,63
"502";"7";"https://www.vlr.gg/193461/northeption-vs-igzist-challengers-league-japan-split-2-d10";"NORTHEPTION 51.34%  ";"IGZIST 48.66%  ";"0";51,34;48,66;"1";7,38
"503";"8";"https://www.vlr.gg/202380/one-team-esports-vs-ghetto-artist-challengers-league-taiwan-hong-kong-split-2-r6";"ONE Team Esports 89.12%  ";"Ghetto Artist 10.88%  ";"1";89,12;10,88;"1";1,02
"504";"9";"https://www.vlr.gg/193276/guangzhou-long-lionz-vs-the-who-challengers-league-oceania-split-2-group-stage-w5";"Guangzhou Long Lionz 49.17%  ";"The Who? 50.83%  ";"0";49,17;50,83;"0";1,29
"505";"10";"https://www.vlr.gg/188044/todak-vs-kizuna-esports-challengers-league-malaysia-singapore-split-2-d14";"Todak 33.32%  ";"Kizuna Esports 66.68%  ";"0";33,32;66,68;"0";1,28
"506";"11";"https://www.vlr.gg/189048/stream-raiders-nacague-vs-naos-challengers-league-philippines-split-2-regular-season-w6";"Stream Raiders Nacague 15.21%  ";"NAOS 84.79%  ";"0";15,21;84,79;"0";1,05
"507";"12";"https://www.vlr.gg/188371/team-nkt-vs-attack-all-around-challengers-league-thailand-split-2-w5";"Team NKT 30.22%  ";"Attack All Around 69.78%  ";"0";30,22;69,78;"0";1,47
"508";"13";"https://www.vlr.gg/202381/s2-esports-vs-utt-esports-challengers-league-taiwan-hong-kong-split-2-r6";"S2 Esports 21.44%  ";"UTT Esports 78.56%  ";"1";21,44;78,56;"0";2,98
"509";"14";"https://www.vlr.gg/204417/weibo-gaming-vs-monarch-effect-fgc-valorant-invitational-2023-act-2-opening-b";"Weibo Gaming 68.29%  ";"Monarch Effect 31.71%  ";"0";68,29;31,71;"1";NA
"510";"15";"https://www.vlr.gg/188045/teo-teo-teo-vs-bikini-bottom-pratahouse-challengers-league-malaysia-singapore-split-2-d14";"Teo Teo Teo 54.07%  ";"Bikini Bottom Pratahouse 45.93%  ";"0";54,07;45,93;"1";3,7
"511";"16";"https://www.vlr.gg/204037/orangutan-vs-mlt-esports-challengers-league-south-asia-split-2-w2";"Orangutan 78.13%  ";"MLT Esports 21.87%  ";"1";78,13;21,87;"1";1,09
"512";"17";"https://www.vlr.gg/184048/fut-esports-vs-karmine-corp-champions-tour-2023-emea-league-w6";"FUT Esports 74.39%  ";"Karmine Corp 25.61%  ";"1";74,39;25,61;"1";1,44
"513";"18";"https://www.vlr.gg/184049/koi-vs-bbl-esports-champions-tour-2023-emea-league-w6";"KOI 68.93%  ";"BBL Esports 31.07%  ";"0";68,93;31,07;"1";1,56
"514";"19";"https://www.vlr.gg/193565/red-canids-vs-tbk-esports-challengers-league-brazil-split-2-w5";"RED Canids 76.03%  ";"TBK Esports 23.97%  ";"0";76,03;23,97;"1";2,89
"515";"20";"https://www.vlr.gg/196147/m80-vs-shopify-rebellion-challengers-league-north-america-w3";"M80 71.75%  ";"Shopify Rebellion 28.25%  ";"0";71,75;28,25;"1";4,91
"516";"21";"https://www.vlr.gg/202357/optix-vs-9z-team-challengers-league-latam-south-fire-split-2-w2";"Optix 19.21%  ";"9z Team 80.79%  ";"1";19,21;80,79;"0";5,37
"517";"22";"https://www.vlr.gg/193566/keyd-stars-vs-liberty-challengers-league-brazil-split-2-w5";"Keyd Stars 54.15%  ";"Liberty 45.85%  ";"0";54,15;45,85;"1";3,26
"518";"23";"https://www.vlr.gg/196148/the-guard-vs-moist-moguls-challengers-league-north-america-w3";"The Guard 42.08%  ";"Moist Moguls 57.92%  ";"0";42,08;57,92;"0";1,93
"519";"24";"https://www.vlr.gg/193462/crest-gaming-zst-vs-scarz-challengers-league-japan-split-2-d11";"Crest Gaming Zst 40.78%  ";"SCARZ 59.22%  ";"0";40,78;59,22;"0";1,2
"520";"1";"https://www.vlr.gg/193463/igzist-vs-sengoku-gaming-challengers-league-japan-split-2-d11";"IGZIST 63.64%  ";"Sengoku Gaming 36.36%  ";"1";63,64;36,36;"1";1,68
"521";"2";"https://www.vlr.gg/193464/northeption-vs-jadeite-challengers-league-japan-split-2-d11";"NORTHEPTION 34.94%  ";"Jadeite 65.06%  ";"0";34,94;65,06;"0";1,56
"522";"3";"https://www.vlr.gg/193277/funcrew-vs-xyz-challengers-league-oceania-split-2-group-stage-w5";"Funcrew 53.59%  ";"xyz 46.41%  ";"1";53,59;46,41;"1";1,04
"523";"4";"https://www.vlr.gg/204421/funplus-phoenix-vs-kingzone-fgc-valorant-invitational-2023-act-2-opening-c";"FunPlus Phoenix 63.27%  ";"Kingzone 36.73%  ";"1";63,27;36,73;"1";NA
"524";"5";"https://www.vlr.gg/188372/made-in-thailand-vs-the-infinity-esport-challengers-league-thailand-split-2-w5";"Made in Thailand 78.75%  ";"The Infinity Esport 21.25%  ";"1";78,75;21,25;"1";1,01
"525";"6";"https://www.vlr.gg/193465/fennel-vs-crazy-raccoon-challengers-league-japan-split-2-d11";"FENNEL 50.94%  ";"Crazy Raccoon 49.06%  ";"1";50,94;49,06;"1";2,55
"526";"7";"https://www.vlr.gg/193278/95x-esports-vs-mammoth-esc-challengers-league-oceania-split-2-group-stage-w5";"95x Esports 80.36%  ";"Mammoth ESC 19.64%  ";"1";80,36;19,64;"1";1,07
"527";"8";"https://www.vlr.gg/188373/sharper-esport-vs-full-sense-challengers-league-thailand-split-2-w5";"Sharper Esport 49.02%  ";"FULL SENSE 50.98%  ";"0";49,02;50,98;"0";1,79
"528";"9";"https://www.vlr.gg/204422/nter-vs-night-wings-gaming-fgc-valorant-invitational-2023-act-2-opening-c";"NTER 71.15%  ";"Night Wings Gaming 28.85%  ";"1";71,15;28,85;"1";NA
"529";"10";"https://www.vlr.gg/204038/aster-army-vs-gods-reign-challengers-league-south-asia-split-2-w2";"Aster Army 24.32%  ";"Gods Reign 75.68%  ";"1";24,32;75,68;"0";3,19
"530";"11";"https://www.vlr.gg/184050/natus-vincere-vs-team-liquid-champions-tour-2023-emea-league-w6";"Natus Vincere 71.68%  ";"Team Liquid 28.32%  ";"1";71,68;28,32;"1";1,22
"531";"12";"https://www.vlr.gg/196150/g2-esports-vs-mad-lions-challengers-league-north-america-w3";"G2 Esports 32.12%  ";"MAD Lions 67.88%  ";"0";32,12;67,88;"0";4,18
"532";"13";"https://www.vlr.gg/196151/oxygen-esports-vs-tsm-challengers-league-north-america-w3";"Oxygen Esports 50.55%  ";"TSM 49.45%  ";"1";50,55;49,45;"1";1,8
"533";"14";"https://www.vlr.gg/202360/all-knights-vs-furious-gaming-challengers-league-latam-south-fire-split-2-w2";"All Knights 42.23%  ";"Furious Gaming 57.77%  ";"1";42,23;57,77;"0";1,25
